INSERT INTO Hospitals VALUES (1, 'City General Hospital', 'NY', 'Dr. John Smith');
INSERT INTO Hospitals VALUES (2, 'Green Valley Hospital', 'CA', 'Dr. Lisa Brown');
INSERT INTO Hospitals VALUES (3, 'Central Health Clinic', 'CA', 'Dr. David Garcia');
INSERT INTO Hospitals VALUES (4, 'Eastside Medical Center', 'IL', 'Dr. Emma Wilson');
INSERT INTO Hospitals VALUES (5, 'Northside Community Hospital', 'TX', 'Dr. Michael Johnson');
INSERT INTO Hospitals VALUES (6, 'Pine Hill Medical Center', 'AZ', 'Dr. Susan Lee');
INSERT INTO Hospitals VALUES (7, 'Westlake Hospital', 'CA', 'Dr. Robert White');
INSERT INTO Hospitals VALUES (8, 'Lakeview Hospital', 'TX', 'Dr. Jennifer Thompson');
INSERT INTO Hospitals VALUES (9, 'Seaside Medical Clinic', 'CA', 'Dr. Patricia Martinez');
INSERT INTO Hospitals VALUES (10, 'South Ridge Hospital', 'TX', 'Dr. James Clark');
INSERT INTO Hospitals VALUES (11, 'Highland General Hospital', 'FL', 'Dr. Mary Adams');
INSERT INTO Hospitals VALUES (12, 'Riverside Medical Center', 'TX', 'Dr. Anthony Hernandez');
INSERT INTO Hospitals VALUES (13, 'Oakwood Clinic', 'OH', 'Dr. Elizabeth Lopez');
INSERT INTO Hospitals VALUES (14, 'Grandview Hospital', 'NC', 'Dr. Christopher Lewis');
INSERT INTO Hospitals VALUES (15, 'Hilltop Medical Center', 'TX', 'Dr. Jessica Robinson');
INSERT INTO Hospitals VALUES (16, 'Sunshine Hospital', 'MI', 'Dr. Daniel Walker');
INSERT INTO Hospitals VALUES (17, 'Evergreen Clinic', 'TN', 'Dr. Nancy Hall');
INSERT INTO Hospitals VALUES (18, 'Midtown Medical Center', 'MD', 'Dr. Ronald Scott');
INSERT INTO Hospitals VALUES (19, 'Brighton Health Clinic', 'MA', 'Dr. Barbara Young');
INSERT INTO Hospitals VALUES (20, 'Maplewood Hospital', 'WA', 'Dr. Karen King');
INSERT INTO Hospitals VALUES (21, 'Westside Community Hospital', 'DC', 'Dr. Mark Wright');
INSERT INTO Hospitals VALUES (22, 'Springfield Medical Center', 'TX', 'Dr. Linda Allen');
INSERT INTO Hospitals VALUES (23, 'Eastwood Hospital', 'CO', 'Dr. Paul Gonzalez');
INSERT INTO Hospitals VALUES (24, 'Brookfield Clinic', 'TN', 'Dr. Sarah Baker');
INSERT INTO Hospitals VALUES (25, 'Mountain View Hospital', 'OK', 'Dr. Kevin Nelson');
INSERT INTO Hospitals VALUES (26, 'Clearwater Medical Center', 'NV', 'Dr. Laura Carter');
INSERT INTO Hospitals VALUES (27, 'Cedar Park Hospital', 'KY', 'Dr. Charles Mitchell');
INSERT INTO Hospitals VALUES (28, 'Summit Health Center', 'OR', 'Dr. Margaret Perez');
INSERT INTO Hospitals VALUES (29, 'Oceanview Medical Center', 'WI', 'Dr. Steven Roberts');
INSERT INTO Hospitals VALUES (30, 'Forest Glen Clinic', 'NM', 'Dr. Patricia Turner');
INSERT INTO Hospitals VALUES (31, 'Valley Health Clinic', 'AZ', 'Dr. George Phillips');
INSERT INTO Hospitals VALUES (32, 'Parkland Hospital', 'CA', 'Dr. Brian Campbell');
INSERT INTO Hospitals VALUES (33, 'Riverbank Medical Center', 'CA', 'Dr. Sharon Parker');
INSERT INTO Hospitals VALUES (34, 'Sunset Hospital', 'MO', 'Dr. Debra Evans');
INSERT INTO Hospitals VALUES (35, 'Northgate Clinic', 'CA', 'Dr. Gregory Collins');
INSERT INTO Hospitals VALUES (36, 'Silver Lake Health Center', 'GA', 'Dr. Cynthia Edwards');
INSERT INTO Hospitals VALUES (37, 'Crestview Hospital', 'AZ', 'Dr. Aaron Stewart');
INSERT INTO Hospitals VALUES (38, 'Central Valley Medical Center', 'NE', 'Dr. Angela Morris');
INSERT INTO Hospitals VALUES (39, 'Garden Hill Hospital', 'CO', 'Dr. Raymond Rogers');
INSERT INTO Hospitals VALUES (40, 'Harborview Medical Clinic', 'VA', 'Dr. Anna Hughes');
INSERT INTO Hospitals VALUES (41, 'Prairie Medical Center', 'NC', 'Dr. Dorothy Peterson');
INSERT INTO Hospitals VALUES (42, 'Shady Grove Hospital', 'FL', 'Dr. Dennis Cox');
INSERT INTO Hospitals VALUES (43, 'Blossom Health Clinic', 'CA', 'Dr. Louise Ward');
INSERT INTO Hospitals VALUES (44, 'Meadowbrook Medical Center', 'MN', 'Dr. Jerry Hughes');
INSERT INTO Hospitals VALUES (45, 'Cypress Hospital', 'OK', 'Dr. Megan Foster');
INSERT INTO Hospitals VALUES (46, 'Hillside Health Center', 'TX', 'Dr. Keith Ross');
INSERT INTO Hospitals VALUES (47, 'Bayview Hospital', 'LA', 'Dr. Teresa Jenkins');
INSERT INTO Hospitals VALUES (48, 'Windsor Medical Center', 'KS', 'Dr. Christina Reed');
INSERT INTO Hospitals VALUES (49, 'Harmony Health Clinic', 'OH', 'Dr. Arthur Powell');
INSERT INTO Hospitals VALUES (50, 'Lakeside Hospital', 'FL', 'Dr. Janet Russell');
INSERT INTO Hospitals VALUES (51, 'Redwood Medical Center', 'CA', 'Dr. Jeffrey Simmons');
INSERT INTO Hospitals VALUES (52, 'Creekside Community Hospital', 'CO', 'Dr. Brenda Rivera');
INSERT INTO Hospitals VALUES (53, 'Westwood Hospital', 'CA', 'Dr. Theresa Price');
INSERT INTO Hospitals VALUES (54, 'Sunrise Health Clinic', 'CA', 'Dr. Jesse Stewart');
INSERT INTO Hospitals VALUES (55, 'Pine Valley Hospital', 'MO', 'Dr. Michelle Griffin');
INSERT INTO Hospitals VALUES (56, 'Stonebridge Clinic', 'CA', 'Dr. Harold Foster');
INSERT INTO Hospitals VALUES (57, 'Green Meadows Health Center', 'TX', 'Dr. Frank Barnes');
INSERT INTO Hospitals VALUES (58, 'Bright Horizons Hospital', 'KY', 'Dr. Sheila Dixon');
INSERT INTO Hospitals VALUES (59, 'Crystal Lake Medical Center', 'NV', 'Dr. Kathryn Gardner');
INSERT INTO Hospitals VALUES (60, 'Blue Ridge Hospital', 'CA', 'Dr. Patrick Long');



INSERT INTO Patients VALUES
(1, 1, 'John', 'Doe', 'Male', '1985-06-15', '123 Elm St, New York, NY', 38, '123-456-7890', 'A+'),
(2, 1, 'Jane', 'Smith', 'Female', '1992-08-24', '456 Maple Ave, New York, NY', 31, '987-654-3210', 'O-'),
(3, 2, 'Mike', 'Johnson', 'Male', '1980-03-10', '789 Pine St, San Francisco, CA', 43, '555-123-4567', 'B+'),
(4, 2, 'Laura', 'Williams', 'Female', '1987-07-22', '321 Oak St, San Francisco, CA', 36, '555-765-4321', 'A-'),
(5, 3, 'James', 'Brown', 'Male', '1975-12-05', '654 Cedar St, Los Angeles, CA', 48, '555-111-2222', 'AB+'),
(6, 3, 'Patricia', 'Davis', 'Female', '1991-09-30', '987 Willow St, Los Angeles, CA', 32, '555-333-4444', 'O+'),
(7, 4, 'Robert', 'Martinez', 'Male', '1969-11-14', '123 Fir St, Chicago, IL', 54, '555-555-6666', 'B-'),
(8, 4, 'Linda', 'Hernandez', 'Female', '1994-05-12', '456 Spruce St, Chicago, IL', 29, '555-777-8888', 'A+'),
(9, 5, 'Michael', 'Lopez', 'Male', '1982-01-18', '789 Birch St, Houston, TX', 41, '555-999-0000', 'O-'),
(10, 5, 'Barbara', 'Gonzalez', 'Female', '1990-10-09', '321 Aspen St, Houston, TX', 33, '555-222-3333', 'AB-'),
(11, 6, 'William', 'Wilson', 'Male', '1986-04-26', '654 Redwood St, Phoenix, AZ', 37, '555-444-5555', 'A+'),
(12, 6, 'Elizabeth', 'Anderson', 'Female', '1995-02-17', '987 Elm St, Phoenix, AZ', 28, '555-666-7777', 'B+'),
(13, 7, 'David', 'Thomas', 'Male', '1978-08-01', '123 Pine St, San Diego, CA', 45, '555-888-9999', 'O+'),
(14, 7, 'Maria', 'Taylor', 'Female', '1993-03-29', '456 Oak St, San Diego, CA', 30, '555-000-1111', 'A-'),
(15, 8, 'Charles', 'Lee', 'Male', '1974-06-20', '789 Maple St, Dallas, TX', 49, '555-222-3334', 'AB+'),
(16, 8, 'Nancy', 'Moore', 'Female', '1989-12-11', '321 Cedar St, Dallas, TX', 34, '555-444-5556', 'O+'),
(17, 9, 'Joseph', 'King', 'Male', '1981-05-15', '654 Birch St, San Jose, CA', 42, '555-666-7778', 'B-'),
(18, 9, 'Karen', 'Clark', 'Female', '1996-08-23', '987 Willow St, San Jose, CA', 27, '555-888-9991', 'A+'),
(19, 10, 'Richard', 'Hall', 'Male', '1983-09-19', '123 Spruce St, Austin, TX', 40, '555-000-1112', 'O+'),
(20, 10, 'Betty', 'Scott', 'Female', '1988-07-02', '456 Redwood St, Austin, TX', 35, '555-222-3335', 'AB-'),
(21, 11, 'Mark', 'Adams', 'Male', '1979-11-30', '789 Fir St, Jacksonville, FL', 44, '555-444-5557', 'A+'),
(22, 11, 'Susan', 'Baker', 'Female', '1991-03-12', '321 Elm St, Jacksonville, FL', 32, '555-666-7779', 'B+'),
(23, 12, 'Steven', 'Nelson', 'Male', '1985-02-08', '654 Pine St, Fort Worth, TX', 38, '555-888-9992', 'O+'),
(24, 12, 'Sarah', 'Perez', 'Female', '1992-06-25', '987 Oak St, Fort Worth, TX', 31, '555-000-1113', 'A-'),
(25, 13, 'George', 'Roberts', 'Male', '1980-10-04', '123 Maple St, Columbus, OH', 43, '555-222-3336', 'AB+'),
(26, 13, 'Jessica', 'Green', 'Female', '1986-11-22', '456 Cedar St, Columbus, OH', 37, '555-444-5558', 'O+'),
(27, 14, 'Brian', 'Walker', 'Male', '1975-07-19', '789 Birch St, Charlotte, NC', 48, '555-666-7780', 'B-'),
(28, 14, 'Margaret', 'Allen', 'Female', '1993-05-15', '321 Willow St, Charlotte, NC', 30, '555-888-9993', 'A+'),
(29, 15, 'Edward', 'Young', 'Male', '1984-09-28', '123 Spruce St, San Antonio, TX', 39, '555-000-1114', 'O+'),
(30, 15, 'Diane', 'Hernandez', 'Female', '1990-04-04', '456 Redwood St, San Antonio, TX', 33, '555-222-3337', 'AB-'),
(31, 16, 'Raymond', 'Carter', 'Male', '1977-03-18', '123 Cedar St, San Jose, CA', 46, '555-333-4455', 'A-'),
(32, 16, 'Melissa', 'Lewis', 'Female', '1989-07-07', '456 Oak St, San Jose, CA', 34, '555-555-6677', 'B+'),
(33, 17, 'Kevin', 'Lee', 'Male', '1982-02-15', '789 Maple St, Miami, FL', 41, '555-888-9990', 'O+'),
(34, 17, 'Dorothy', 'Walker', 'Female', '1993-04-09', '123 Elm St, Miami, FL', 30, '555-111-2233', 'A+'),
(35, 18, 'Paul', 'Mitchell', 'Male', '1978-06-22', '456 Pine St, Atlanta, GA', 45, '555-222-3344', 'B+'),
(36, 18, 'Donna', 'Harris', 'Female', '1986-01-05', '789 Cedar St, Atlanta, GA', 37, '555-333-4455', 'O-'),
(37, 19, 'Larry', 'Clark', 'Male', '1984-05-13', '123 Oak St, Las Vegas, NV', 39, '555-444-5566', 'A+'),
(38, 19, 'Sandra', 'Lewis', 'Female', '1992-10-14', '456 Birch St, Las Vegas, NV', 31, '555-666-7788', 'AB+'),
(39, 20, 'Daniel', 'Young', 'Male', '1981-07-30', '789 Maple St, Denver, CO', 42, '555-888-9999', 'B+'),
(40, 20, 'Ashley', 'White', 'Female', '1990-09-16', '321 Oak St, Denver, CO', 33, '555-111-2234', 'O+'),
(41, 21, 'Jeffrey', 'Harris', 'Male', '1979-11-02', '654 Spruce St, Tampa, FL', 44, '555-222-3345', 'A+'),
(42, 21, 'Carol', 'Martinez', 'Female', '1993-02-21', '987 Fir St, Tampa, FL', 30, '555-333-4456', 'O+'),
(43, 22, 'Ryan', 'Gonzalez', 'Male', '1983-05-24', '123 Cedar St, Raleigh, NC', 40, '555-444-5567', 'AB+'),
(44, 22, 'Brenda', 'Wright', 'Female', '1992-08-30', '456 Willow St, Raleigh, NC', 31, '555-555-6678', 'A-'),
(45, 23, 'Jacob', 'King', 'Male', '1987-04-12', '789 Birch St, Minneapolis, MN', 36, '555-666-7789', 'B+'),
(46, 23, 'Amy', 'Turner', 'Female', '1991-10-08', '321 Cedar St, Minneapolis, MN', 32, '555-888-9900', 'O+'),
(47, 24, 'Scott', 'Phillips', 'Male', '1975-09-18', '654 Oak St, Cincinnati, OH', 48, '555-111-2235', 'A+'),
(48, 24, 'Shirley', 'Campbell', 'Female', '1989-03-11', '987 Maple St, Cincinnati, OH', 34, '555-222-3346', 'AB-'),
(49, 25, 'Nicholas', 'Parker', 'Male', '1986-12-03', '123 Elm St, St. Louis, MO', 37, '555-333-4457', 'A-'),
(50, 25, 'Kathleen', 'Evans', 'Female', '1995-06-09', '456 Pine St, St. Louis, MO', 28, '555-444-5568', 'B+'),
(51, 26, 'Joshua', 'Edwards', 'Male', '1982-03-25', '789 Cedar St, Pittsburgh, PA', 41, '555-555-6679', 'O+'),
(52, 26, 'Emma', 'Collins', 'Female', '1994-08-02', '321 Fir St, Pittsburgh, PA', 29, '555-666-7780', 'AB+'),
(53, 27, 'Benjamin', 'Stewart', 'Male', '1979-05-07', '123 Oak St, Detroit, MI', 44, '555-888-9901', 'B-'),
(54, 27, 'Alice', 'Sanchez', 'Female', '1988-11-19', '456 Willow St, Detroit, MI', 35, '555-000-1115', 'A+'),
(55, 28, 'Bruce', 'Morris', 'Male', '1980-01-17', '789 Maple St, Portland, OR', 43, '555-222-3347', 'O-'),
(56, 28, 'Deborah', 'Rogers', 'Female', '1991-07-03', '321 Elm St, Portland, OR', 32, '555-333-4458', 'A-'),
(57, 29, 'Matthew', 'Reed', 'Male', '1984-11-25', '654 Pine St, Sacramento, CA', 39, '555-444-5569', 'AB+'),
(58, 29, 'Katherine', 'Cook', 'Female', '1990-12-29', '987 Oak St, Sacramento, CA', 33, '555-555-6670', 'B+'),
(59, 30, 'Justin', 'Gray', 'Male', '1981-06-18', '123 Cedar St, Orlando, FL', 42, '555-666-7781', 'A+'),
(60, 30, 'Heather', 'Brooks', 'Female', '1989-09-26', '456 Spruce St, Orlando, FL', 34, '555-777-8899', 'O+'),
(61, 31, 'Justin', 'Diaz', 'Male', '1986-08-13', '789 Willow St, Seattle, WA', 37, '555-101-1122', 'O+'),
(62, 31, 'Hannah', 'Russell', 'Female', '1994-11-05', '321 Cedar St, Seattle, WA', 29, '555-202-2233', 'A+'),
(63, 32, 'Dylan', 'Long', 'Male', '1981-09-17', '654 Oak St, El Paso, TX', 42, '555-303-3344', 'B+'),
(64, 32, 'Sophia', 'Watson', 'Female', '1995-05-09', '987 Birch St, El Paso, TX', 28, '555-404-4455', 'O-'),
(65, 33, 'Ethan', 'Bennett', 'Male', '1987-03-22', '123 Maple St, Memphis, TN', 36, '555-505-5566', 'A-'),
(66, 33, 'Olivia', 'Gray', 'Female', '1991-01-10', '456 Fir St, Memphis, TN', 33, '555-606-6677', 'B+'),
(67, 34, 'Samuel', 'Ramirez', 'Male', '1978-07-25', '789 Pine St, Louisville, KY', 45, '555-707-7788', 'O+'),
(68, 34, 'Megan', 'Cooper', 'Female', '1992-12-19', '321 Spruce St, Louisville, KY', 31, '555-808-8899', 'AB-'),
(69, 35, 'Nathan', 'Peterson', 'Male', '1984-04-07', '654 Cedar St, Baltimore, MD', 39, '555-909-9900', 'A+'),
(70, 35, 'Laura', 'Hughes', 'Female', '1989-06-16', '987 Redwood St, Baltimore, MD', 34, '555-111-1212', 'O+'),
(71, 36, 'Liam', 'Murphy', 'Male', '1982-02-25', '123 Elm St, Boston, MA', 41, '555-131-1414', 'B-'),
(72, 36, 'Emma', 'Flores', 'Female', '1993-07-30', '456 Willow St, Boston, MA', 30, '555-151-1616', 'A+'),
(73, 37, 'Jack', 'Howard', 'Male', '1983-08-15', '789 Maple St, Nashville, TN', 40, '555-171-1818', 'O-'),
(74, 37, 'Victoria', 'Woods', 'Female', '1990-10-20', '321 Oak St, Nashville, TN', 33, '555-191-2020', 'AB+'),
(75, 38, 'Isaac', 'Coleman', 'Male', '1979-11-07', '654 Birch St, Milwaukee, WI', 44, '555-212-2222', 'A+'),
(76, 38, 'Grace', 'Jenkins', 'Female', '1994-01-05', '987 Pine St, Milwaukee, WI', 29, '555-232-2424', 'B+'),
(77, 39, 'Alexander', 'Perry', 'Male', '1986-12-23', '123 Cedar St, Albuquerque, NM', 37, '555-252-2626', 'O+'),
(78, 39, 'Chloe', 'Powell', 'Female', '1991-09-18', '456 Spruce St, Albuquerque, NM', 32, '555-272-2828', 'A+'),
(79, 40, 'Henry', 'Reed', 'Male', '1983-05-14', '789 Fir St, Kansas City, MO', 40, '555-292-3030', 'B+'),
(80, 40, 'Natalie', 'Bailey', 'Female', '1995-02-27', '321 Maple St, Kansas City, MO', 28, '555-313-3232', 'O-'),
(81, 41, 'Lucas', 'Ortiz', 'Male', '1988-06-30', '654 Cedar St, Mesa, AZ', 35, '555-333-3434', 'A+'),
(82, 41, 'Julia', 'Cruz', 'Female', '1992-03-03', '987 Elm St, Mesa, AZ', 31, '555-353-3636', 'O+'),
(83, 42, 'Jayden', 'Torres', 'Male', '1987-12-12', '123 Maple St, Virginia Beach, VA', 36, '555-373-3838', 'AB-'),
(84, 42, 'Hailey', 'Price', 'Female', '1990-04-20', '456 Fir St, Virginia Beach, VA', 33, '555-393-4040', 'A+'),
(85, 43, 'Adrian', 'Sanders', 'Male', '1982-11-01', '789 Oak St, Colorado Springs, CO', 41, '555-414-4242', 'B+'),
(86, 43, 'Isabella', 'Myers', 'Female', '1991-06-14', '321 Cedar St, Colorado Springs, CO', 32, '555-434-4444', 'O+'),
(87, 44, 'Christopher', 'Foster', 'Male', '1984-02-18', '654 Maple St, Raleigh, NC', 39, '555-454-4646', 'A+'),
(88, 44, 'Victoria', 'Rose', 'Female', '1988-08-25', '987 Pine St, Raleigh, NC', 35, '555-474-4848', 'B-'),
(89, 45, 'David', 'Gomez', 'Male', '1983-07-21', '123 Elm St, Omaha, NE', 40, '555-494-5050', 'O-'),
(90, 45, 'Lily', 'Ford', 'Female', '1995-11-11', '456 Birch St, Omaha, NE', 28, '555-515-5252', 'AB+'),
(91, 46, 'Charles', 'Butler', 'Male', '1986-03-31', '789 Maple St, Miami, FL', 37, '555-535-5454', 'A+'),
(92, 46, 'Brianna', 'Bell', 'Female', '1992-07-09', '321 Oak St, Miami, FL', 31, '555-555-5656', 'O+'),
(93, 47, 'Thomas', 'Wagner', 'Male', '1987-01-08', '654 Willow St, Tucson, AZ', 36, '555-575-5858', 'B+'),
(94, 47, 'Ava', 'Morgan', 'Female', '1994-05-16', '987 Spruce St, Tucson, AZ', 29, '555-595-6060', 'A-'),
(95, 48, 'Isaac', 'Alexander', 'Male', '1984-10-17', '123 Pine St, Fresno, CA', 39, '555-616-6262', 'AB+'),
(96, 48, 'Lillian', 'Ramos', 'Female', '1989-09-04', '456 Cedar St, Fresno, CA', 34, '555-636-6464', 'B+'),
(97, 49, 'Gabriel', 'Kim', 'Male', '1983-11-25', '789 Birch St, Oakland, CA', 40, '555-656-6666', 'O+'),
(98, 49, 'Zoe', 'Griffin', 'Female', '1990-03-19', '321 Elm St, Oakland, CA', 33, '555-676-6868', 'A+'),
(99, 50, 'Jackson', 'Diaz', 'Male', '1979-04-10', '654 Willow St, Bakersfield, CA', 44, '555-696-7070', 'B-'),
(100, 50, 'Gabriella', 'Sullivan', 'Female', '1988-12-12', '987 Oak St, Bakersfield, CA', 35, '555-717-7272', 'O+'),
(101, 51, 'Anthony', 'Powell', 'Male', '1980-08-28', '123 Pine St, Anaheim, CA', 43, '555-737-7474', 'AB+'),
(102, 51, 'Jessica', 'Griffin', 'Female', '1991-11-22', '456 Spruce St, Anaheim, CA', 32, '555-757-7676', 'B+'),
(103, 52, 'Robert', 'Wright', 'Male', '1986-05-09', '789 Elm St, New Orleans, LA', 37, '555-777-7878', 'A+'),
(104, 52, 'Sarah', 'Stewart', 'Female', '1993-03-18', '321 Maple St, New Orleans, LA', 30, '555-797-8080', 'O+'),
(105, 53, 'Lucas', 'Jenkins', 'Male', '1982-07-24', '654 Cedar St, Riverside, CA', 41, '555-818-8282', 'B+'),
(106, 53, 'Sophia', 'Howard', 'Female', '1990-09-30', '987 Willow St, Riverside, CA', 33, '555-838-8484', 'A+'),
(107, 54, 'Henry', 'Ward', 'Male', '1985-11-01', '123 Spruce St, Arlington, TX', 38, '555-858-8686', 'O+'),
(108, 54, 'Samantha', 'Torres', 'Female', '1992-04-04', '456 Fir St, Arlington, TX', 31, '555-878-8888', 'B+'),
(109, 55, 'Oliver', 'Green', 'Male', '1987-10-23', '789 Oak St, Wichita, KS', 36, '555-898-9090', 'AB-'),
(110, 55, 'Mia', 'Adams', 'Female', '1994-08-15', '321 Birch St, Wichita, KS', 29, '555-919-9292', 'A+'),
(111, 56, 'Julian', 'Roberts', 'Male', '1983-02-02', '654 Cedar St, Tulsa, OK', 40, '555-939-9494', 'B+'),
(112, 56, 'Emily', 'Hughes', 'Female', '1990-06-18', '987 Pine St, Tulsa, OK', 33, '555-959-9696', 'O+'),
(113, 57, 'Levi', 'Baker', 'Male', '1978-09-10', '123 Fir St, Lexington, KY', 45, '555-979-9898', 'A+'),
(114, 57, 'Amelia', 'Gray', 'Female', '1989-05-11', '456 Willow St, Lexington, KY', 34, '555-999-1010', 'B+'),
(115, 58, 'Sebastian', 'Garcia', 'Male', '1985-12-20', '789 Oak St, Stockton, CA', 38, '555-111-2121', 'AB+'),
(116, 58, 'Evelyn', 'Brooks', 'Female', '1991-11-25', '321 Birch St, Stockton, CA', 32, '555-222-3232', 'A+'),
(117, 59, 'David', 'Scott', 'Male', '1987-01-19', '654 Cedar St, Aurora, CO', 36, '555-333-4343', 'O+'),
(118, 59, 'Madison', 'Perry', 'Female', '1992-09-29', '987 Fir St, Aurora, CO', 31, '555-444-5454', 'B+'),
(119, 60, 'Andrew', 'White', 'Male', '1980-03-26', '123 Elm St, Cleveland, OH', 43, '555-555-6565', 'A+'),
(120, 60, 'Ella', 'Thompson', 'Female', '1994-07-23', '456 Maple St, Cleveland, OH', 29, '555-666-7676', 'O+');




INSERT INTO Doctors VALUES
(1, 1, 2, 'James', 'Smith', 'Cardiology', 45, '555-100-2001'),
(2, 1, 1, 'John', 'Johnson', 'Neurology', 50, '555-100-2002'),
(3, 2, 4, 'Robert', 'Williams', 'Orthopedics', 38, '555-100-2003'),
(4, 2, 3, 'Michael', 'Jones', 'Pediatrics', 42, '555-100-2004'),
(5, 3, 6, 'David', 'Brown', 'Dermatology', 37, '555-100-2005'),
(6, 3, 5, 'Richard', 'Davis', 'Radiology', 48, '555-100-2006'),
(7, 4, 8, 'Charles', 'Miller', 'Ophthalmology', 55, '555-100-2007'),
(8, 4, 7, 'Joseph', 'Wilson', 'Oncology', 39, '555-100-2008'),
(9, 5, 10, 'Thomas', 'Moore', 'Gastroenterology', 44, '555-100-2009'),
(10, 5, 9, 'Christopher', 'Taylor', 'Endocrinology', 41, '555-100-2010'),
(11, 6, 12, 'Daniel', 'Anderson', 'Cardiology', 47, '555-100-2011'),
(12, 6, 11, 'Matthew', 'Thomas', 'Neurology', 49, '555-100-2012'),
(13, 7, 14, 'Anthony', 'Jackson', 'Orthopedics', 36, '555-100-2013'),
(14, 7, 13, 'Donald', 'White', 'Pediatrics', 50, '555-100-2014'),
(15, 8, 16, 'Paul', 'Harris', 'Dermatology', 46, '555-100-2015'),
(16, 8, 15, 'Mark', 'Martin', 'Radiology', 40, '555-100-2016'),
(17, 9, 18, 'George', 'Thompson', 'Ophthalmology', 38, '555-100-2017'),
(18, 9, 17, 'Steven', 'Garcia', 'Oncology', 42, '555-100-2018'),
(19, 10, 20, 'Edward', 'Martinez', 'Gastroenterology', 43, '555-100-2019'),
(20, 10, 19, 'Kenneth', 'Robinson', 'Endocrinology', 39, '555-100-2020'),
(21, 11, 22, 'Joshua', 'Clark', 'Cardiology', 48, '555-100-2021'),
(22, 11, 21, 'Andrew', 'Rodriguez', 'Neurology', 52, '555-100-2022'),
(23, 12, 24, 'Benjamin', 'Lewis', 'Orthopedics', 37, '555-100-2023'),
(24, 12, 23, 'Samuel', 'Lee', 'Pediatrics', 35, '555-100-2024'),
(25, 13, 26, 'Henry', 'Walker', 'Dermatology', 45, '555-100-2025'),
(26, 13, 25, 'Alexander', 'Hall', 'Radiology', 40, '555-100-2026'),
(27, 14, 28, 'Nathan', 'Allen', 'Ophthalmology', 42, '555-100-2027'),
(28, 14, 27, 'Zachary', 'Young', 'Oncology', 39, '555-100-2028'),
(29, 15, 30, 'Christian', 'Hernandez', 'Gastroenterology', 49, '555-100-2029'),
(30, 15, 29, 'Austin', 'King', 'Endocrinology', 41, '555-100-2030'),
(31, 16, 32, 'Elijah', 'Wright', 'Cardiology', 50, '555-100-2031'),
(32, 16, 31, 'Aaron', 'Lopez', 'Neurology', 36, '555-100-2032'),
(33, 17, 34, 'Ethan', 'Hill', 'Orthopedics', 47, '555-100-2033'),
(34, 17, 33, 'Ryan', 'Scott', 'Pediatrics', 43, '555-100-2034'),
(35, 18, 36, 'Tyler', 'Green', 'Dermatology', 38, '555-100-2035'),
(36, 18, 35, 'Jose', 'Adams', 'Radiology', 44, '555-100-2036'),
(37, 19, 38, 'Dylan', 'Baker', 'Ophthalmology', 41, '555-100-2037'),
(38, 19, 37, 'Noah', 'Gonzalez', 'Oncology', 45, '555-100-2038'),
(39, 20, 40, 'Logan', 'Nelson', 'Gastroenterology', 52, '555-100-2039'),
(40, 20, 39, 'Lucas', 'Carter', 'Endocrinology', 40, '555-100-2040'),
(41, 21, 42, 'Tristan', 'Wright', 'Cardiology', 46, '555-104-2041'),
(42, 21, 41, 'Brandon', 'Scott', 'Neurology', 39, '555-104-2042'),
(43, 22, 44, 'Carlos', 'Green', 'Orthopedics', 48, '555-104-2043'),
(44, 22, 43, 'Jeremiah', 'Baker', 'Pediatrics', 42, '555-104-2044'),
(45, 23, 46, 'Jaden', 'Roberts', 'Dermatology', 37, '555-104-2045'),
(46, 23, 45, 'Luis', 'Hall', 'Radiology', 40, '555-104-2046'),
(47, 24, 48, 'Oliver', 'Lee', 'Ophthalmology', 44, '555-104-2047'),
(48, 24, 47, 'Isaiah', 'Young', 'Oncology', 35, '555-104-2048'),
(49, 25, 50, 'Asher', 'Hernandez', 'Gastroenterology', 41, '555-104-2049'),
(50, 25, 49, 'Declan', 'King', 'Endocrinology', 38, '555-104-2050'),
(51, 26, 52, 'Zion', 'Wright', 'Cardiology', 49, '555-104-2051'),
(52, 26, 51, 'Xavier', 'Lopez', 'Neurology', 45, '555-104-2052'),
(53, 27, 54, 'Elias', 'Hill', 'Orthopedics', 39, '555-104-2053'),
(54, 27, 53, 'Gideon', 'Scott', 'Pediatrics', 37, '555-104-2054'),
(55, 28, 56, 'Beckham', 'Green', 'Dermatology', 43, '555-104-2055'),
(56, 28, 55, 'Brooks', 'Adams', 'Radiology', 40, '555-104-2056'),
(57, 29, 58, 'Hayden', 'Baker', 'Ophthalmology', 42, '555-104-2057'),
(58, 29, 57, 'Jonah', 'Gonzalez', 'Oncology', 38, '555-104-2058'),
(59, 30, 60, 'Silas', 'Nelson', 'Gastroenterology', 47, '555-104-2059'),
(60, 30, 59, 'Orion', 'Carter', 'Endocrinology', 41, '555-104-2060'),
(61, 31, 62, 'Miles', 'Peterson', 'Cardiology', 44, '555-104-2061'),
(62, 31, 61, 'Beau', 'Long', 'Neurology', 39, '555-104-2062'),
(63, 32, 64, 'Ryder', 'Gomez', 'Orthopedics', 42, '555-104-2063'),
(64, 32, 63, 'Cash', 'Murphy', 'Pediatrics', 36, '555-104-2064'),
(65, 33, 66, 'Waylon', 'Torres', 'Dermatology', 40, '555-104-2065'),
(66, 33, 65, 'Paxton', 'Peterson', 'Radiology', 38, '555-104-2066'),
(67, 34, 68, 'Rocco', 'Harris', 'Ophthalmology', 44, '555-104-2067'),
(68, 34, 67, 'Alonzo', 'Hall', 'Oncology', 37, '555-104-2068'),
(69, 35, 70, 'Remington', 'Young', 'Gastroenterology', 45, '555-104-2069'),
(70, 35, 69, 'Tobias', 'Martin', 'Endocrinology', 49, '555-104-2070'),
(71, 36, 72, 'Dante', 'Anderson', 'Cardiology', 41, '555-104-2071'),
(72, 36, 71, 'Alvin', 'Thomas', 'Neurology', 36, '555-104-2072'),
(73, 37, 74, 'Julius', 'Jackson', 'Orthopedics', 43, '555-104-2073'),
(74, 37, 73, 'Roy', 'White', 'Pediatrics', 39, '555-104-2074'),
(75, 38, 76, 'Marvin', 'Harris', 'Dermatology', 50, '555-104-2075'),
(76, 38, 75, 'Hugo', 'Martin', 'Radiology', 45, '555-104-2076'),
(77, 39, 78, 'Truman', 'Thompson', 'Ophthalmology', 41, '555-104-2077'),
(78, 39, 77, 'Devin', 'Garcia', 'Oncology', 36, '555-104-2078'),
(79, 40, 80, 'Winston', 'Martinez', 'Gastroenterology', 48, '555-104-2079'),
(80, 40, 79, 'Gordon', 'Robinson', 'Endocrinology', 42, '555-104-2080'),
(81, 41, 82, 'Fletcher', 'Clark', 'Cardiology', 45, '555-104-2081'),
(82, 41, 81, 'Harris', 'Rodriguez', 'Neurology', 38, '555-104-2082'),
(83, 42, 84, 'Everett', 'Lewis', 'Orthopedics', 51, '555-104-2083'),
(84, 42, 83, 'Matthias', 'Lee', 'Pediatrics', 39, '555-104-2084'),
(85, 43, 86, 'Sampson', 'Walker', 'Dermatology', 40, '555-104-2085'),
(86, 43, 85, 'Seth', 'Hall', 'Radiology', 36, '555-104-2086'),
(87, 44, 88, 'Damon', 'Allen', 'Ophthalmology', 44, '555-104-2087'),
(88, 44, 87, 'Evan', 'Young', 'Oncology', 38, '555-104-2088'),
(89, 45, 90, 'Harlan', 'Hernandez', 'Gastroenterology', 49, '555-104-2089'),
(90, 45, 89, 'Ezequiel', 'King', 'Endocrinology', 45, '555-104-2090'),
(91, 46, 92, 'Finley', 'Wright', 'Cardiology', 50, '555-104-2091'),
(92, 46, 91, 'Cyrus', 'Lopez', 'Neurology', 38, '555-104-2092'),
(93, 47, 94, 'Jax', 'Hill', 'Orthopedics', 47, '555-104-2093'),
(94, 47, 93, 'Dorian', 'Scott', 'Pediatrics', 36, '555-104-2094'),
(95, 48, 96, 'Bennett', 'Green', 'Dermatology', 41, '555-104-2095'),
(96, 48, 95, 'Graham', 'Adams', 'Radiology', 39, '555-104-2096'),
(97, 49, 98, 'Oren', 'Baker', 'Ophthalmology', 42, '555-104-2097'),
(98, 49, 97, 'Darius', 'Gonzalez', 'Oncology', 43, '555-104-2098'),
(99, 50, 100, 'Odin', 'Nelson', 'Gastroenterology', 37, '555-104-2099'),
(100, 50, 99, 'Kellan', 'Carter', 'Endocrinology', 44, '555-104-2100'),
(101, 51, 102, 'Zeke', 'Peterson', 'Cardiology', 46, '555-104-2101'),
(102, 51, 101, 'Hugo', 'Long', 'Neurology', 49, '555-104-2102'),
(103, 52, 104, 'Ronin', 'Gomez', 'Orthopedics', 35, '555-104-2103'),
(104, 52, 103, 'Caden', 'Murphy', 'Pediatrics', 50, '555-104-2104'),
(105, 53, 106, 'Jayce', 'Torres', 'Dermatology', 44, '555-104-2105'),
(106, 53, 105, 'Harley', 'Peterson', 'Radiology', 40, '555-104-2106'),
(107, 54, 108, 'Remi', 'Harris', 'Ophthalmology', 38, '555-104-2107'),
(108, 54, 107, 'Gideon', 'Martin', 'Oncology', 48, '555-104-2108'),
(109, 55, 110, 'Santos', 'Anderson', 'Gastroenterology', 39, '555-104-2109'),
(110, 55, 109, 'Kellan', 'Thomas', 'Endocrinology', 42, '555-104-2110'),
(111, 56, 112, 'Matteo', 'Jackson', 'Cardiology', 51, '555-104-2111'),
(112, 56, 111, 'Milo', 'White', 'Neurology', 36, '555-104-2112'),
(113, 57, 114, 'Jerome', 'Thompson', 'Orthopedics', 44, '555-104-2113'),
(114, 57, 113, 'Isaac', 'Garcia', 'Pediatrics', 40, '555-104-2114'),
(115, 58, 116, 'Rafael', 'Martinez', 'Dermatology', 42, '555-104-2115'),
(116, 58, 115, 'Ashton', 'Robinson', 'Radiology', 39, '555-104-2116'),
(117, 59, 118, 'Rory', 'Clark', 'Ophthalmology', 37, '555-104-2117'),
(118, 59, 117, 'Dustin', 'Rodriguez', 'Oncology', 41, '555-104-2118'),
(119, 60, 120, 'Avery', 'Lewis', 'Gastroenterology', 49, '555-104-2119'),
(120, 60, 119, 'Bodhi', 'Lee', 'Endocrinology', 38, '555-104-2120');


INSERT INTO Nurses VALUES
(1, 1, 1, 'Emily', 'Smith', '555-100-0001'),
(2, 1, 2, 'Olivia', 'Johnson', '555-100-0002'),
(3, 2, 3, 'Sophia', 'Williams', '555-100-0003'),
(4, 2, 4, 'Isabella', 'Jones', '555-100-0004'),
(5, 3, 5, 'Mia', 'Brown', '555-100-0005'),
(6, 3, 6, 'Ava', 'Davis', '555-100-0006'),
(7, 4, 7, 'Charlotte', 'Miller', '555-100-0007'),
(8, 4, 8, 'Amelia', 'Wilson', '555-100-0008'),
(9, 5, 9, 'Harper', 'Moore', '555-100-0009'),
(10, 5, 10, 'Evelyn', 'Taylor', '555-100-0010'),
(11, 6, 12, 'Abigail', 'Anderson', '555-100-0011'),
(12, 6, 11, 'Ella', 'Thomas', '555-100-0012'),
(13, 7, 13, 'Scarlett', 'Jackson', '555-100-0013'),
(14, 7, 14, 'Grace', 'White', '555-100-0014'),
(15, 8, 15, 'Chloe', 'Harris', '555-100-0015'),
(16, 8, 16, 'Luna', 'Martin', '555-100-0016'),
(17, 9, 18, 'Aria', 'Thompson', '555-100-0017'),
(18, 9, 17, 'Layla', 'Garcia', '555-100-0018'),
(19, 10, 19, 'Riley', 'Martinez', '555-100-0019'),
(20, 10, 20, 'Zoey', 'Robinson', '555-100-0020'),
(21, 11, 21, 'Nora', 'Clark', '555-100-0021'),
(22, 11, 22, 'Bella', 'Rodriguez', '555-100-0022'),
(23, 12, 25, 'Mila', 'Lewis', '555-100-0023'),
(24, 12, 23, 'Sofia', 'Lee', '555-100-0024'),
(25, 13, 25, 'Ellie', 'Walker', '555-100-0025'),
(26, 13, 26, 'Hannah', 'Hall', '555-100-0026'),
(27, 14, 27, 'Lily', 'Allen', '555-100-0027'),
(28, 14, 28, 'Aubrey', 'Young', '555-100-0028'),
(29, 15, 29, 'Stella', 'King', '555-100-0029'),
(30, 15, 30, 'Natalie', 'Wright', '555-100-0030'),
(31, 16, 32, 'Claire', 'Scott', '555-100-0031'),
(32, 16, 31, 'Savannah', 'Green', '555-100-0032'),
(33, 17, 33, 'Brooklyn', 'Adams', '555-100-0033'),
(34, 17, 34, 'Skylar', 'Baker', '555-100-0034'),
(35, 18, 35, 'Katherine', 'Gonzalez', '555-100-0035'),
(36, 18, 36, 'Sarah', 'Nelson', '555-100-0036'),
(37, 19, 37, 'Ariana', 'Carter', '555-100-0037'),
(38, 19, 38, 'Genesis', 'Mitchell', '555-100-0038'),
(39, 20, 39, 'Allison', 'Perez', '555-100-0039'),
(40, 20, 40, 'Cora', 'Roberts', '555-100-0040'),
(41, 21, 41, 'Camila', 'Turner', '555-100-0041'),
(42, 21, 42, 'Lila', 'Phillips', '555-100-0042'),
(43, 22, 44, 'Addison', 'Campbell', '555-100-0043'),
(44, 22, 43, 'Ruth', 'Parker', '555-100-0044'),
(45, 23, 45, 'Daisy', 'Evans', '555-100-0045'),
(46, 23, 46, 'Samantha', 'Edwards', '555-100-0046'),
(47, 24, 47, 'Serenity', 'Collins', '555-100-0047'),
(48, 24, 48, 'Piper', 'Stewart', '555-100-0048'),
(49, 25, 49, 'Melody', 'Sanchez', '555-100-0049'),
(50, 25, 50, 'Cecilia', 'Morris', '555-100-0050'),
(51, 26, 52, 'Lydia', 'Rogers', '555-100-0051'),
(52, 26, 51, 'Juliet', 'Reed', '555-100-0052'),
(53, 27, 53, 'Kate', 'Cook', '555-100-0053'),
(54, 27, 54, 'Vanessa', 'Morgan', '555-100-0054'),
(55, 28, 55, 'Jasmine', 'Bell', '555-100-0055'),
(56, 28, 56, 'Ruby', 'Murphy', '555-100-0056'),
(57, 29, 57, 'Megan', 'Bailey', '555-100-0057'),
(58, 29, 58, 'Tessa', 'Rivera', '555-100-0058'),
(59, 30, 59, 'Paige', 'Cooper', '555-100-0059'),
(60, 30, 60, 'Eva', 'Richardson', '555-100-0060'),
(61, 31, 62, 'Kayla', 'Howard', '555-100-0061'),
(62, 31, 61, 'Kendall', 'Ward', '555-100-0062'),
(63, 32, 63, 'Marley', 'Torres', '555-100-0063'),
(64, 32, 64, 'Brianna', 'Peterson', '555-100-0064'),
(65, 33, 66, 'Alyssa', 'Gray', '555-100-0065'),
(66, 33, 65, 'Elena', 'Ramirez', '555-100-0066'),
(67, 34, 67, 'Mabel', 'James', '555-100-0067'),
(68, 34, 68, 'Sophie', 'Watson', '555-100-0068'),
(69, 35, 69, 'Willa', 'Brooks', '555-100-0069'),
(70, 35, 70, 'Alana', 'Henderson', '555-100-0070'),
(71, 36, 72, 'Valeria', 'Coleman', '555-100-0071'),
(72, 36, 71, 'Ayla', 'Snyder', '555-100-0072'),
(73, 37, 73, 'Emilia', 'Newton', '555-100-0073'),
(74, 37, 74, 'Fiona', 'Harrison', '555-100-0074'),
(75, 38, 75, 'Molly', 'Graham', '555-100-0075'),
(76, 38, 76, 'Vivian', 'Kim', '555-100-0076'),
(77, 39, 77, 'Laila', 'Fisher', '555-100-0077'),
(78, 39, 78, 'Diana', 'Cohen', '555-100-0078'),
(79, 40, 80, 'Sienna', 'Boyd', '555-100-0079'),
(80, 40, 79, 'Caroline', 'Alexander', '555-100-0080'),
(81, 41, 81, 'Carmen', 'Russell', '555-100-0081'),
(82, 41, 82, 'Esther', 'Griffin', '555-100-0082'),
(83, 42, 83, 'Alyssa', 'Diaz', '555-100-0083'),
(84, 42, 84, 'Sadie', 'Hayes', '555-100-0084'),
(85, 43, 85, 'Nicole', 'Holland', '555-100-0085'),
(86, 43, 86, 'Karla', 'Bennett', '555-100-0086'),
(87, 44, 87, 'Summer', 'Bishop', '555-100-0087'),
(88, 44, 88, 'Rachael', 'Carroll', '555-100-0088'),
(89, 45, 90, 'Megan', 'Duncan', '555-100-0089'),
(90, 45, 89, 'Leah', 'Garcia', '555-100-0090'),
(91, 46, 91, 'Natalia', 'Jordan', '555-100-0091'),
(92, 46, 92, 'Margaret', 'Marshall', '555-100-0092'),
(93, 47, 93, 'Sabrina', 'Ryan', '555-100-0093'),
(94, 47, 94, 'Phoebe', 'Kim', '555-100-0094'),
(95, 48, 95, 'Cynthia', 'Long', '555-100-0095'),
(96, 48, 96, 'Delilah', 'Fox', '555-100-0096'),
(97, 49, 97, 'Sofia', 'Wheeler', '555-100-0097'),
(98, 49, 98, 'Megan', 'Barnes', '555-100-0098'),
(99, 50, 100, 'Kaitlyn', 'Chapman', '555-100-0099'),
(100, 50, 99, 'Kelsey', 'Sanders', '555-100-0100'),
(101, 51, 101, 'Rita', 'Daniels', '555-100-0101'),
(102, 51, 102, 'Jessica', 'Fox', '555-100-0102'),
(103, 52, 103, 'Carmen', 'Norris', '555-100-0103'),
(104, 52, 104, 'Audrey', 'Harrison', '555-100-0104'),
(105, 53, 105, 'Ivy', 'Hodges', '555-100-0105'),
(106, 53, 106, 'Melanie', 'Hayes', '555-100-0106'),
(107, 54, 108, 'Tiffany', 'Wallace', '555-100-0107'),
(108, 54, 107, 'Diana', 'Harmon', '555-100-0108'),
(109, 55, 109, 'Jade', 'Wagner', '555-100-0109'),
(110, 55, 110, 'Christine', 'Baldwin', '555-100-0110'),
(111, 56, 111, 'Kara', 'Mason', '555-100-0111'),
(112, 56, 112, 'Joanna', 'Holt', '555-100-0112'),
(113, 57, 114, 'Faye', 'McCarthy', '555-100-0113'),
(114, 57, 113, 'Lydia', 'Potter', '555-100-0114'),
(115, 58, 115, 'Tia', 'Meyer', '555-100-0115'),
(116, 58, 116, 'Juliana', 'Johnston', '555-100-0116'),
(117, 59, 117, 'Bridget', 'Benson', '555-100-0117'),
(118, 59, 118, 'Mary', 'Hardy', '555-100-0118'),
(119, 60, 119, 'Erin', 'Caldwell', '555-100-0119'),
(120, 60, 120, 'Tracy', 'Wilkins', '555-100-0120');



INSERT INTO Departments VALUES
(1, 1, 'Cardiology', '2015-01-01', 500000),
(2, 1, 'Neurology', '2016-01-01', 300000),
(3, 2, 'Orthopedics', '2014-01-01', 450000),
(4, 2, 'Pediatrics', '2017-01-01', 350000),
(5, 3, 'Dermatology', '2018-01-01', 250000),
(6, 3, 'Radiology', '2019-01-01', 400000),
(7, 4, 'Ophthalmology', '2020-01-01', 600000),
(8, 4, 'Oncology', '2013-01-01', 700000),
(9, 5, 'Gastroenterology', '2021-01-01', 550000),
(10, 5, 'Endocrinology', '2016-01-01', 450000),
(11, 6, 'Cardiology', '2019-01-01', 300000),
(12, 6, 'Neurology', '2017-01-01', 500000),
(13, 7, 'Orthopedics', '2018-01-01', 600000),
(14, 7, 'Pediatrics', '2014-01-01', 200000),
(15, 8, 'Dermatology', '2020-01-01', 400000),
(16, 8, 'Radiology', '2015-01-01', 350000),
(17, 9, 'Ophthalmology', '2016-01-01', 700000),
(18, 9, 'Oncology', '2013-01-01', 450000),
(19, 10, 'Gastroenterology', '2021-01-01', 300000),
(20, 10, 'Endocrinology', '2018-01-01', 600000),
(21, 11, 'Cardiology', '2017-01-01', 400000),
(22, 11, 'Neurology', '2014-01-01', 250000),
(23, 12, 'Orthopedics', '2015-01-01', 350000),
(24, 12, 'Pediatrics', '2016-01-01', 500000),
(25, 13, 'Dermatology', '2020-01-01', 600000),
(26, 13, 'Radiology', '2019-01-01', 450000),
(27, 14, 'Ophthalmology', '2018-01-01', 300000),
(28, 14, 'Oncology', '2017-01-01', 700000),
(29, 15, 'Gastroenterology', '2021-01-01', 550000),
(30, 15, 'Endocrinology', '2015-01-01', 400000),
(31, 16, 'Cardiology', '2019-01-01', 300000),
(32, 16, 'Neurology', '2018-01-01', 450000),
(33, 17, 'Orthopedics', '2016-01-01', 600000),
(34, 17, 'Pediatrics', '2017-01-01', 200000),
(35, 18, 'Dermatology', '2020-01-01', 400000),
(36, 18, 'Radiology', '2014-01-01', 350000),
(37, 19, 'Ophthalmology', '2015-01-01', 700000),
(38, 19, 'Oncology', '2016-01-01', 450000),
(39, 20, 'Gastroenterology', '2021-01-01', 300000),
(40, 20, 'Endocrinology', '2017-01-01', 600000),
(41, 21, 'Cardiology', '2016-01-01', 500000),
(42, 21, 'Neurology', '2019-01-01', 300000),
(43, 22, 'Orthopedics', '2015-01-01', 450000),
(44, 22, 'Pediatrics', '2018-01-01', 350000),
(45, 23, 'Dermatology', '2014-01-01', 250000),
(46, 23, 'Radiology', '2017-01-01', 400000),
(47, 24, 'Ophthalmology', '2020-01-01', 600000),
(48, 24, 'Oncology', '2013-01-01', 700000),
(49, 25, 'Gastroenterology', '2021-01-01', 550000),
(50, 25, 'Endocrinology', '2016-01-01', 450000),
(51, 26, 'Cardiology', '2019-01-01', 300000),
(52, 26, 'Neurology', '2017-01-01', 500000),
(53, 27, 'Orthopedics', '2018-01-01', 600000),
(54, 27, 'Pediatrics', '2014-01-01', 200000),
(55, 28, 'Dermatology', '2020-01-01', 400000),
(56, 28, 'Radiology', '2015-01-01', 350000),
(57, 29, 'Ophthalmology', '2016-01-01', 700000),
(58, 29, 'Oncology', '2013-01-01', 450000),
(59, 30, 'Gastroenterology', '2021-01-01', 300000),
(60, 30, 'Endocrinology', '2018-01-01', 600000),
(61, 31, 'Cardiology', '2019-01-01', 400000),
(62, 31, 'Neurology', '2014-01-01', 250000),
(63, 32, 'Orthopedics', '2015-01-01', 350000),
(64, 32, 'Pediatrics', '2016-01-01', 500000),
(65, 33, 'Dermatology', '2020-01-01', 600000),
(66, 33, 'Radiology', '2019-01-01', 450000),
(67, 34, 'Ophthalmology', '2018-01-01', 300000),
(68, 34, 'Oncology', '2017-01-01', 700000),
(69, 35, 'Gastroenterology', '2021-01-01', 550000),
(70, 35, 'Endocrinology', '2015-01-01', 400000),
(71, 36, 'Cardiology', '2019-01-01', 300000),
(72, 36, 'Neurology', '2018-01-01', 450000),
(73, 37, 'Orthopedics', '2016-01-01', 600000),
(74, 37, 'Pediatrics', '2017-01-01', 200000),
(75, 38, 'Dermatology', '2020-01-01', 400000),
(76, 38, 'Radiology', '2014-01-01', 350000),
(77, 39, 'Ophthalmology', '2015-01-01', 700000),
(78, 39, 'Oncology', '2016-01-01', 450000),
(79, 40, 'Gastroenterology', '2021-01-01', 300000),
(80, 40, 'Endocrinology', '2017-01-01', 600000),
(81, 41, 'Cardiology', '2016-01-01', 500000),
(82, 41, 'Neurology', '2019-01-01', 300000),
(83, 42, 'Orthopedics', '2015-01-01', 450000),
(84, 42, 'Pediatrics', '2018-01-01', 350000),
(85, 43, 'Dermatology', '2014-01-01', 250000),
(86, 43, 'Radiology', '2017-01-01', 400000),
(87, 44, 'Ophthalmology', '2020-01-01', 600000),
(88, 44, 'Oncology', '2013-01-01', 700000),
(89, 45, 'Gastroenterology', '2021-01-01', 550000),
(90, 45, 'Endocrinology', '2016-01-01', 450000),
(91, 46, 'Cardiology', '2019-01-01', 300000),
(92, 46, 'Neurology', '2017-01-01', 500000),
(93, 47, 'Orthopedics', '2018-01-01', 600000),
(94, 47, 'Pediatrics', '2014-01-01', 200000),
(95, 48, 'Dermatology', '2020-01-01', 400000),
(96, 48, 'Radiology', '2015-01-01', 350000),
(97, 49, 'Ophthalmology', '2016-01-01', 700000),
(98, 49, 'Oncology', '2013-01-01', 450000),
(99, 50, 'Gastroenterology', '2021-01-01', 300000),
(100, 50, 'Endocrinology', '2018-01-01', 600000),
(101, 51, 'Cardiology', '2019-01-01', 400000),
(102, 51, 'Neurology', '2014-01-01', 250000),
(103, 52, 'Orthopedics', '2015-01-01', 350000),
(104, 52, 'Pediatrics', '2016-01-01', 500000),
(105, 53, 'Dermatology', '2020-01-01', 600000),
(106, 53, 'Radiology', '2019-01-01', 450000),
(107, 54, 'Ophthalmology', '2018-01-01', 300000),
(108, 54, 'Oncology', '2017-01-01', 700000),
(109, 55, 'Gastroenterology', '2021-01-01', 550000),
(110, 55, 'Endocrinology', '2015-01-01', 400000),
(111, 56, 'Cardiology', '2019-01-01', 300000),
(112, 56, 'Neurology', '2018-01-01', 450000),
(113, 57, 'Orthopedics', '2016-01-01', 600000),
(114, 57, 'Pediatrics', '2017-01-01', 200000),
(115, 58, 'Dermatology', '2020-01-01', 400000),
(116, 58, 'Radiology', '2014-01-01', 350000),
(117, 59, 'Ophthalmology', '2015-01-01', 700000),
(118, 59, 'Oncology', '2016-01-01', 450000),
(119, 60, 'Gastroenterology', '2021-01-01', 300000),
(120, 60, 'Endocrinology', '2018-01-01', 600000);


INSERT INTO Rooms (Room_ID, Hospital_ID, Room_Number, Room_type, Is_Full) VALUES
(1, 1, 101, 'General Ward', false),
(2, 1, 102, 'ICU', false),
(3, 1, 103, 'Private Room', true),
(4, 2, 104, 'Surgery Room', false),
(5, 2, 201, 'General Ward', true),
(6, 2, 202, 'ICU', false),
(7, 3, 203, 'Private Room', false),
(8, 3, 204, 'Surgery Room', true),
(9, 3, 301, 'General Ward', false),
(10, 4, 302, 'ICU', true),
(11, 4, 303, 'Private Room', false),
(12, 4, 304, 'Surgery Room', true),
(13, 5, 401, 'General Ward', true),
(14, 5, 402, 'ICU', false),
(15, 5, 403, 'Private Room', true),
(16, 6, 404, 'Surgery Room', false),
(17, 6, 501, 'General Ward', false),
(18, 6, 502, 'ICU', true),
(19, 7, 503, 'Private Room', false),
(20, 7, 504, 'Surgery Room', true),
(21, 7, 601, 'General Ward', true),
(22, 8, 602, 'ICU', false),
(23, 8, 603, 'Private Room', true),
(24, 8, 604, 'Surgery Room', false),
(25, 9, 701, 'General Ward', false),
(26, 9, 702, 'ICU', true),
(27, 9, 703, 'Private Room', false),
(28, 10, 704, 'Surgery Room', true),
(29, 10, 801, 'General Ward', true),
(30, 10, 802, 'ICU', false),
(31, 11, 803, 'Private Room', true),
(32, 11, 804, 'Surgery Room', false),
(33, 11, 901, 'General Ward', false),
(34, 12, 902, 'ICU', true),
(35, 12, 903, 'Private Room', false),
(36, 12, 904, 'Surgery Room', true),
(37, 13, 1001, 'General Ward', true),
(38, 13, 1002, 'ICU', false),
(39, 13, 1003, 'Private Room', true),
(40, 14, 1004, 'Surgery Room', false),
(41, 14, 1101, 'General Ward', false),
(42, 14, 1102, 'ICU', true),
(43, 15, 1103, 'Private Room', false),
(44, 15, 1104, 'Surgery Room', true),
(45, 15, 1201, 'General Ward', true),
(46, 16, 1202, 'ICU', false),
(47, 16, 1203, 'Private Room', true),
(48, 16, 1204, 'Surgery Room', false),
(49, 17, 1301, 'General Ward', false),
(50, 17, 1302, 'ICU', true),
(51, 17, 1303, 'Private Room', false),
(52, 18, 1304, 'Surgery Room', true),
(53, 18, 1401, 'General Ward', true),
(54, 18, 1402, 'ICU', false),
(55, 19, 1403, 'Private Room', true),
(56, 19, 1404, 'Surgery Room', false),
(57, 19, 1501, 'General Ward', false),
(58, 20, 1502, 'ICU', true),
(59, 20, 1503, 'Private Room', false),
(60, 20, 1504, 'Surgery Room', true),
(61, 21, 1601, 'General Ward', true),
(62, 21, 1602, 'ICU', false),
(63, 21, 1603, 'Private Room', true),
(64, 22, 1604, 'Surgery Room', false),
(65, 22, 1701, 'General Ward', false),
(66, 22, 1702, 'ICU', true),
(67, 23, 1703, 'Private Room', false),
(68, 23, 1704, 'Surgery Room', true),
(69, 23, 1801, 'General Ward', true),
(70, 24, 1802, 'ICU', false),
(71, 24, 1803, 'Private Room', true),
(72, 24, 1804, 'Surgery Room', false),
(73, 25, 1901, 'General Ward', false),
(74, 25, 1902, 'ICU', true),
(75, 25, 1903, 'Private Room', false),
(76, 26, 1904, 'Surgery Room', true),
(77, 26, 2001, 'General Ward', true),
(78, 26, 2002, 'ICU', false),
(79, 27, 2003, 'Private Room', true),
(80, 27, 2004, 'Surgery Room', false),
(81, 27, 2101, 'General Ward', false),
(82, 28, 2102, 'ICU', true),
(83, 28, 2103, 'Private Room', false),
(84, 28, 2104, 'Surgery Room', true),
(85, 29, 2201, 'General Ward', true),
(86, 29, 2202, 'ICU', false),
(87, 30, 2203, 'Private Room', true),
(88, 30, 2204, 'Surgery Room', false),
(89, 30, 2301, 'General Ward', false),
(90, 31, 2302, 'ICU', true),
(91, 31, 2303, 'Private Room', false),
(92, 31, 2304, 'Surgery Room', true),
(93, 32, 2401, 'General Ward', true),
(94, 32, 2402, 'ICU', false),
(95, 32, 2403, 'Private Room', true),
(96, 33, 2404, 'Surgery Room', false),
(97, 33, 2501, 'General Ward', false),
(98, 33, 2502, 'ICU', true),
(99, 34, 2503, 'Private Room', false),
(100, 34, 2504, 'Surgery Room', true),
(101, 34, 2601, 'General Ward', true),
(102, 35, 2602, 'ICU', false),
(103, 35, 2603, 'Private Room', true),
(104, 35, 2604, 'Surgery Room', false),
(105, 36, 2701, 'General Ward', false),
(106, 36, 2702, 'ICU', true),
(107, 36, 2703, 'Private Room', false),
(108, 37, 2704, 'Surgery Room', true),
(109, 37, 2801, 'General Ward', true),
(110, 37, 2802, 'ICU', false),
(111, 38, 2803, 'Private Room', true),
(112, 38, 2804, 'Surgery Room', false),
(113, 38, 2901, 'General Ward', false),
(114, 39, 2902, 'ICU', true),
(115, 39, 2903, 'Private Room', false),
(116, 39, 2904, 'Surgery Room', true),
(117, 40, 3001, 'General Ward', true),
(118, 40, 3002, 'ICU', false),
(119, 40, 3003, 'Private Room', true),
(120, 41, 3004, 'Surgery Room', false),
(121, 41, 3101, 'General Ward', false),
(122, 41, 3102, 'ICU', true),
(123, 42, 3103, 'Private Room', false),
(124, 42, 3104, 'Surgery Room', true),
(125, 42, 3201, 'General Ward', true),
(126, 43, 3202, 'ICU', false),
(127, 43, 3203, 'Private Room', true),
(128, 43, 3204, 'Surgery Room', false),
(129, 44, 3301, 'General Ward', false),
(130, 44, 3302, 'ICU', true),
(131, 44, 3303, 'Private Room', false),
(132, 45, 3304, 'Surgery Room', true),
(133, 45, 3401, 'General Ward', true),
(134, 45, 3402, 'ICU', false),
(135, 46, 3403, 'Private Room', true),
(136, 46, 3404, 'Surgery Room', false),
(137, 46, 3501, 'General Ward', false),
(138, 47, 3502, 'ICU', true),
(139, 47, 3503, 'Private Room', false),
(140, 47, 3504, 'Surgery Room', true),
(141, 48, 3601, 'General Ward', true),
(142, 48, 3602, 'ICU', false),
(143, 48, 3603, 'Private Room', true),
(144, 49, 3604, 'Surgery Room', false),
(145, 49, 3701, 'General Ward', false),
(146, 49, 3702, 'ICU', true),
(147, 50, 3703, 'Private Room', false),
(148, 50, 3704, 'Surgery Room', true),
(149, 50, 3801, 'General Ward', true),
(150, 51, 3802, 'ICU', false),
(151, 51, 3803, 'Private Room', true),
(152, 51, 3804, 'Surgery Room', false),
(153, 52, 3901, 'General Ward', false),
(154, 52, 3902, 'ICU', true),
(155, 52, 3903, 'Private Room', false),
(156, 53, 3904, 'Surgery Room', true),
(157, 53, 4001, 'General Ward', true),
(158, 53, 4002, 'ICU', false),
(159, 54, 4003, 'Private Room', true),
(160, 54, 4004, 'Surgery Room', false),
(161, 54, 4101, 'General Ward', false),
(162, 55, 4102, 'ICU', true),
(163, 55, 4103, 'Private Room', false),
(164, 55, 4104, 'Surgery Room', true),
(165, 56, 4201, 'General Ward', true),
(166, 56, 4202, 'ICU', false),
(167, 56, 4203, 'Private Room', true),
(168, 57, 4204, 'Surgery Room', false),
(169, 57, 4301, 'General Ward', false),
(170, 57, 4302, 'ICU', true),
(171, 58, 4303, 'Private Room', false),
(172, 58, 4304, 'Surgery Room', true),
(173, 58, 4401, 'General Ward', true),
(174, 59, 4402, 'ICU', false),
(175, 59, 4403, 'Private Room', true),
(176, 59, 4404, 'Surgery Room', false),
(177, 60, 4501, 'General Ward', false),
(178, 60, 4502, 'ICU', true),
(179, 60, 4503, 'Private Room', false),
(180, 60, 4504, 'Surgery Room', true);



INSERT INTO Admissions (Admission_ID, Hospital_ID, Doctor_ID, Patient_ID, Nurse_ID, Room_ID, Admission_Date) VALUES
(1, 1, 2, 1, 1, 3, '2024-01-01'),
(2, 1, 2, 2, 2, 2, '2024-01-02'),
(3, 2, 4, 3, 4, 4, '2024-01-03'),
(4, 2, 3, 4, 4, 6, '2024-01-04'),
(5, 3, 6, 5, 6, 9, '2024-01-05'),
(6, 3, 6, 6, 6, 7, '2024-01-06'),
(7, 4, 7, 7, 7, 10, '2024-01-07'),
(8, 4, 8, 8, 8, 11, '2024-01-08'),
(9, 5, 10, 9, 10, 13, '2024-01-09'),
(10, 5, 9, 10, 9, 15, '2024-01-10'),
(11, 6, 12, 11, 12, 18, '2024-01-11'),
(12, 6, 12, 12, 12, 17, '2024-01-12'),
(13, 7, 13, 13, 13, 20, '2024-01-13'),
(14, 7, 13, 14, 13, 21, '2024-01-14'),
(15, 8, 16, 15, 16, 22, '2024-01-15'),
(16, 8, 15, 16, 15, 24, '2024-01-16'),
(17, 9, 17, 17, 17, 27, '2024-01-17'),
(18, 9, 18, 18, 18, 25, '2024-01-12'),
(19, 10, 20, 19, 20, 30, '2024-01-19'),
(20, 10, 20, 20, 20, 29, '2024-01-20'),
(21, 11, 21, 21, 21, 31, '2024-01-21'),
(22, 11, 22, 22, 21, 32, '2024-01-22'),
(23, 12, 24, 23, 24, 36, '2024-01-23'),
(24, 12, 23, 24, 24, 35, '2024-01-24'),
(25, 13, 26, 25, 25, 38, '2024-01-25'),
(26, 13, 26, 26, 26, 37, '2024-01-26'),
(27, 14, 28, 27, 28, 40, '2024-01-27'),
(28, 14, 27, 28, 27, 42, '2024-01-12'),
(29, 15, 29, 29, 30, 45, '2024-01-29'),
(30, 15, 29, 30, 29, 44, '2024-01-30'),
(31, 16, 31, 31, 31, 46, '2024-01-31'),
(32, 16, 32, 32, 32, 46, '2024-01-12'),
(33, 17, 34, 33, 33, 51, '2024-02-02'),
(34, 17, 33, 34, 33, 50, '2024-02-03'),
(35, 18, 36, 35, 35, 53, '2024-02-04'),
(36, 18, 35, 36, 36, 53, '2024-02-05'),
(37, 19, 38, 37, 38, 57, '2024-02-06'),
(38, 19, 38, 38, 37, 56, '2024-02-07'),
(39, 20, 40, 39, 40, 60, '2024-02-08'),
(40, 20, 40, 40, 39, 60, '2024-02-09'),
(41, 21, 41, 41, 41, 61, '2024-02-10'),
(42, 21, 42, 42, 42, 62, '2024-01-12'),
(43, 22, 43, 43, 44, 66, '2024-02-12'),
(44, 22, 44, 44, 44, 64, '2024-02-13'),
(45, 23, 45, 45, 45, 67, '2024-02-14'),
(46, 23, 46, 46, 45, 67, '2024-02-15'),
(47, 24, 48, 47, 47, 70, '2024-02-16'),
(48, 24, 48, 48, 48, 72, '2024-02-17'),
(49, 25, 50, 49, 50, 73, '2024-02-18'),
(50, 25, 49, 50, 49, 74, '2024-02-19'),
(51, 26, 52, 51, 51, 77, '2024-02-20'),
(52, 26, 51, 52, 52, 77, '2024-02-21'),
(53, 27, 53, 53, 53, 81, '2024-02-22'),
(54, 27, 53, 54, 53, 81, '2024-02-23'),
(55, 28, 55, 55, 55, 84, '2024-02-24'),
(56, 28, 56, 56, 56, 83, '2024-02-25'),
(57, 29, 57, 57, 58, 85, '2024-02-26'),
(58, 29, 58, 58, 57, 85, '2024-02-27'),
(59, 30, 60, 59, 59, 90, '2024-01-12'),
(60, 30, 59, 60, 59, 90, '2024-02-29'),
(61, 31, 62, 61, 62, 91, '2024-03-01'),
(62, 31, 62, 62, 61, 93, '2024-03-02'),
(63, 32, 63, 63, 64, 95, '2024-03-03'),
(64, 32, 64, 64, 63, 96, '2024-03-04'),
(65, 33, 66, 65, 66, 97, '2024-03-05'),
(66, 33, 66, 66, 66, 99, '2024-03-06'),
(67, 34, 67, 67, 67, 100, '2024-02-25'),
(68, 34, 67, 68, 67, 100, '2024-03-08'),
(69, 35, 70, 69, 70, 103, '2024-03-09'),
(70, 35, 70, 70, 70, 105, '2024-03-10'),
(71, 36, 71, 71, 71, 106, '2024-03-11'),
(72, 36, 71, 72, 72, 106, '2024-02-25'),
(73, 37, 74, 73, 74, 110, '2024-03-13'),
(74, 37, 74, 74, 73, 111, '2024-03-14'),
(75, 38, 76, 75, 75, 112, '2024-03-15'),
(76, 38, 75, 76, 76, 114, '2024-03-16'),
(77, 39, 78, 77, 77, 115, '2024-03-17'),
(78, 39, 77, 78, 78, 117, '2024-01-12'),
(79, 40, 79, 79, 79, 119, '2024-03-19'),
(80, 40, 80, 80, 80, 120, '2024-03-20'),
(81, 41, 81, 81, 82, 121, '2024-03-21'),
(82, 41, 82, 82, 81, 121, '2024-03-22'),
(83, 42, 83, 83, 84, 125, '2024-03-23'),
(84, 42, 84, 84, 83, 125, '2024-03-24'),
(85, 43, 85, 85, 86, 129, '2024-02-25'),
(86, 43, 85, 86, 86, 128, '2024-03-26'),
(87, 44, 88, 87, 87, 130, '2024-03-27'),
(88, 44, 88, 88, 87, 130, '2024-03-28'),
(89, 45, 89, 89, 90, 133, '2024-03-29'),
(90, 45, 90, 90, 90, 135, '2024-03-30'),
(91, 46, 92, 91, 92, 137, '2024-03-31'),
(92, 46, 91, 92, 91, 138, '2024-04-01'),
(93, 47, 93, 93, 94, 139, '2024-04-02'),
(94, 47, 93, 94, 93, 140, '2024-04-03'),
(95, 48, 96, 95, 95, 142, '2024-04-04'),
(96, 48, 96, 96, 96, 144, '2024-04-05'),
(97, 49, 97, 97, 97, 145, '2024-04-06'),
(98, 49, 97, 98, 98, 145, '2024-02-25'),
(99, 50, 100, 99, 99, 148, '2024-04-08'),
(100, 50, 99, 100, 100, 149, '2024-04-09'),
(101, 51, 101, 101, 102, 152, '2024-04-10'),
(102, 51, 102, 102, 101, 152, '2024-04-11'),
(103, 52, 103, 103, 104, 154, '2024-01-12'),
(104, 52, 103, 104, 103, 155, '2024-04-13'),
(105, 53, 106, 105, 106, 157, '2024-04-14'),
(106, 53, 105, 106, 106, 158, '2024-04-15'),
(107, 54, 107, 107, 108, 160, '2024-04-16'),
(108, 54, 108, 108, 108, 160, '2024-04-17'),
(109, 55, 109, 109, 109, 163, '2024-04-18'),
(110, 55, 110, 110, 109, 165, '2024-04-19'),
(111, 56, 111, 111, 111, 166, '2024-04-20'),
(112, 56, 112, 112, 112, 168, '2024-01-12'),
(113, 57, 114, 113, 113, 170, '2024-04-22'),
(114, 57, 114, 114, 114, 170, '2024-04-23'),
(115, 58, 116, 115, 116, 173, '2024-04-24'),
(116, 58, 115, 116, 115, 174, '2024-01-12'),
(117, 59, 118, 117, 118, 177, '2024-04-26'),
(118, 59, 118, 118, 117, 177, '2024-04-27'),
(119, 60, 119, 119, 120, 179, '2024-04-28'),
(120, 60, 120, 120, 120, 180, '2024-04-29');



INSERT INTO Prescriptions (Prescription_ID, Patient_ID, Doctor_ID, Description, Date) VALUES
(1, 1, 2, 'Antibiotic for infection', '2024-01-01'),
(2, 2, 2, 'Pain reliever', '2024-01-02'),
(3, 3, 4, 'Blood pressure medication', '2024-01-03'),
(4, 4, 3, 'Cholesterol medication', '2024-01-04'),
(5, 5, 6, 'Antidepressant', '2024-01-05'),
(6, 6, 6, 'Antibiotic for infection', '2024-01-06'),
(7, 7, 7, 'Insulin', '2024-01-07'),
(8, 8, 8, 'Thyroid medication', '2024-01-08'),
(9, 9, 10, 'Inhaler for asthma', '2024-01-09'),
(10, 10, 9, 'Antibiotic for infection', '2024-01-10'),
(11, 11, 12, 'Pain reliever', '2024-01-11'),
(12, 12, 12, 'Anti-inflammatory', '2024-01-12'),
(13, 13, 13, 'Heart medication', '2024-01-13'),
(14, 14, 13, 'Vitamin D supplement', '2024-01-14'),
(15, 15, 16, 'Antidepressant', '2024-01-15'),
(16, 16, 15, 'Blood thinners', '2024-01-16'),
(17, 17, 17, 'Pain reliever', '2024-01-17'),
(18, 18, 18, 'Cholesterol medication', '2024-01-18'),
(19, 19, 20, 'Antibiotic for infection', '2024-01-19'),
(20, 20, 20, 'Blood pressure medication', '2024-01-20'),
(21, 21, 21, 'Heartburn medication', '2024-01-21'),
(22, 22, 22, 'Anti-anxiety medication', '2024-01-22'),
(23, 23, 24, 'Pain reliever', '2024-01-23'),
(24, 24, 23, 'Insulin', '2024-01-24'),
(25, 25, 26, 'Allergy medication', '2024-01-25'),
(26, 26, 26, 'Anti-inflammatory', '2024-01-26'),
(27, 27, 28, 'Pain reliever', '2024-01-27'),
(28, 28, 27, 'Cholesterol medication', '2024-01-28'),
(29, 29, 29, 'Blood pressure medication', '2024-01-29'),
(30, 30, 29, 'Vitamin supplement', '2024-01-30'),
(31, 31, 31, 'Antibiotic for infection', '2024-01-31'),
(32, 32, 32, 'Pain reliever', '2024-02-01'),
(33, 33, 34, 'Heart medication', '2024-02-02'),
(34, 34, 33, 'Thyroid medication', '2024-02-03'),
(35, 35, 36, 'Cholesterol medication', '2024-02-04'),
(36, 36, 35, 'Antidepressant', '2024-02-05'),
(37, 37, 38, 'Pain reliever', '2024-02-06'),
(38, 38, 38, 'Blood thinners', '2024-02-07'),
(39, 39, 40, 'Vitamin D supplement', '2024-02-08'),
(40, 40, 40, 'Anti-inflammatory', '2024-02-09'),
(41, 41, 41, 'Antibiotic for infection', '2024-02-10'),
(42, 42, 42, 'Heart medication', '2024-02-11'),
(43, 43, 43, 'Blood pressure medication', '2024-02-12'),
(44, 44, 44, 'Insulin', '2024-02-13'),
(45, 45, 45, 'Pain reliever', '2024-02-14'),
(46, 46, 46, 'Cholesterol medication', '2024-02-15'),
(47, 47, 48, 'Antidepressant', '2024-02-16'),
(48, 48, 48, 'Thyroid medication', '2024-02-17'),
(49, 49, 50, 'Allergy medication', '2024-02-18'),
(50, 50, 49, 'Pain reliever', '2024-02-19'),
(51, 51, 52, 'Insulin', '2024-02-20'),
(52, 52, 51, 'Blood pressure medication', '2024-02-21'),
(53, 53, 53, 'Antibiotic for infection', '2024-02-22'),
(54, 54, 53, 'Heartburn medication', '2024-02-23'),
(55, 55, 55, 'Vitamin supplement', '2024-02-24'),
(56, 56, 56, 'Anti-anxiety medication', '2024-02-25'),
(57, 57, 57, 'Pain reliever', '2024-02-26'),
(58, 58, 58, 'Cholesterol medication', '2024-02-27'),
(59, 59, 60, 'Antidepressant', '2024-02-28'),
(60, 60, 59, 'Blood pressure medication', '2024-02-29'),
(61, 61, 62, 'Thyroid medication', '2024-03-01'),
(62, 62, 62, 'Antibiotic for infection', '2024-03-02'),
(63, 63, 63, 'Pain reliever', '2024-03-03'),
(64, 64, 64, 'Vitamin D supplement', '2024-03-04'),
(65, 65, 66, 'Blood thinners', '2024-03-05'),
(66, 66, 66, 'Cholesterol medication', '2024-03-06'),
(67, 67, 67, 'Anti-inflammatory', '2024-03-07'),
(68, 68, 67, 'Antidepressant', '2024-03-08'),
(69, 69, 70, 'Insulin', '2024-03-09'),
(70, 70, 70, 'Heart medication', '2024-03-10'),
(71, 71, 71, 'Pain reliever', '2024-03-11'),
(72, 72, 71, 'Cholesterol medication', '2024-03-12'),
(73, 73, 74, 'Vitamin supplement', '2024-03-13'),
(74, 74, 74, 'Thyroid medication', '2024-03-14'),
(75, 75, 76, 'Blood pressure medication', '2024-03-15'),
(76, 76, 75, 'Anti-anxiety medication', '2024-03-16'),
(77, 77, 78, 'Pain reliever', '2024-03-17'),
(78, 78, 77, 'Antibiotic for infection', '2024-03-18'),
(79, 79, 79, 'Cholesterol medication', '2024-03-19'),
(80, 80, 80, 'Insulin', '2024-03-20'),
(81, 81, 81, 'Vitamin D supplement', '2024-03-21'),
(82, 82, 82, 'Pain reliever', '2024-03-22'),
(83, 83, 83, 'Blood thinners', '2024-03-23'),
(84, 84, 84, 'Anti-inflammatory', '2024-03-24'),
(85, 85, 85, 'Antidepressant', '2024-03-25'),
(86, 86, 85, 'Cholesterol medication', '2024-03-26'),
(87, 87, 88, 'Vitamin supplement', '2024-03-27'),
(88, 88, 88, 'Pain reliever', '2024-03-28'),
(89, 89, 89, 'Insulin', '2024-03-29'),
(90, 90, 89, 'Blood pressure medication', '2024-03-30'),
(91, 91, 91, 'Thyroid medication', '2024-03-31'),
(92, 92, 92, 'Antibiotic for infection', '2024-04-01'),
(93, 93, 93, 'Pain reliever', '2024-04-02'),
(94, 94, 94, 'Cholesterol medication', '2024-04-03'),
(95, 95, 96, 'Blood thinners', '2024-04-04'),
(96, 96, 95, 'Anti-inflammatory', '2024-04-05'),
(97, 97, 97, 'Antidepressant', '2024-04-06'),
(98, 98, 97, 'Heart medication', '2024-04-07'),
(99, 99, 99, 'Vitamin supplement', '2024-04-08'),
(100, 100, 100, 'Pain reliever', '2024-04-09'),
(101, 101, 101, 'Blood pressure medication', '2024-04-10'),
(102, 102, 102, 'Antibiotic for infection', '2024-04-11'),
(103, 103, 104, 'Cholesterol medication', '2024-04-12'),
(104, 104, 103, 'Vitamin D supplement', '2024-04-13'),
(105, 105, 106, 'Pain reliever', '2024-04-14'),
(106, 106, 106, 'Insulin', '2024-04-15'),
(107, 107, 108, 'Blood thinners', '2024-04-16'),
(108, 108, 107, 'Thyroid medication', '2024-04-17'),
(109, 109, 109, 'Antidepressant', '2024-04-18'),
(110, 110, 110, 'Cholesterol medication', '2024-04-19'),
(111, 111, 112, 'Vitamin D supplement', '2024-04-20'),
(112, 112, 111, 'Pain reliever', '2024-04-21'),
(113, 113, 114, 'Insulin', '2024-04-22'),
(114, 114, 113, 'Blood pressure medication', '2024-04-23'),
(115, 115, 116, 'Antibiotic for infection', '2024-04-24'),
(116, 116, 115, 'Heart medication', '2024-04-25'),
(117, 117, 118, 'Cholesterol medication', '2024-04-26'),
(118, 118, 118, 'Vitamin supplement', '2024-04-27'),
(119, 119, 120, 'Pain reliever', '2024-04-28'),
(120, 120, 119, 'Anti-inflammatory', '2024-04-29');




INSERT INTO Medications (Medication_ID, Medication_Name, Description, Dosage) VALUES
(1, 'Aspirin', 'Used to reduce pain, fever, or inflammation.', 500),
(2, 'Ibuprofen', 'Nonsteroidal anti-inflammatory drug for pain relief.', 400),
(3, 'Acetaminophen', 'Pain reliever and fever reducer.', 500),
(4, 'Amoxicillin', 'Antibiotic used to treat various bacterial infections.', 250),
(5, 'Ciprofloxacin', 'Antibiotic for treating infections.', 500),
(6, 'Lisinopril', 'Medication for high blood pressure and heart failure.', 10),
(7, 'Atorvastatin', 'Cholesterol-lowering medication.', 20),
(8, 'Metformin', 'Medication for type 2 diabetes.', 1000),
(9, 'Levothyroxine', 'Thyroid hormone replacement therapy.', 75),
(10, 'Alprazolam', 'Used for anxiety and panic disorders.', 0.5),
(11, 'Sertraline', 'Antidepressant for treating depression and anxiety.', 50),
(12, 'Omeprazole', 'Used to treat gastroesophageal reflux disease.', 20),
(13, 'Gabapentin', 'Used to relieve nerve pain.', 300),
(14, 'Simvastatin', 'Used to control high cholesterol.', 20),
(15, 'Clonazepam', 'Used to prevent and control seizures and panic attacks.', 1),
(16, 'Fluoxetine', 'Antidepressant used to treat depression, OCD, and more.', 20),
(17, 'Hydrochlorothiazide', 'Diuretic used to treat high blood pressure.', 25),
(18, 'Aspirin', 'Used to reduce excess fluid in the body.', 40),
(19, 'Amlodipine', 'Medication for high blood pressure and chest pain.', 5),
(20, 'Metoprolol', 'Used to treat high blood pressure and heart-related conditions.', 100),
(21, 'Cetirizine', 'Antihistamine for allergy relief.', 10),
(22, 'Montelukast', 'Used to prevent asthma attacks.', 10),
(23, 'Pantoprazole', 'Proton pump inhibitor for GERD treatment.', 40),
(24, 'Trazodone', 'Antidepressant that is also used for sleep.', 50),
(25, 'Zolpidem', 'Used for the short-term treatment of sleeping problems.', 10),
(26, 'Doxycycline', 'Antibiotic used to treat a variety of infections.', 100),
(27, 'Bupropion', 'Antidepressant used to treat major depressive disorder.', 150),
(28, 'Ranitidine', 'Used to decrease stomach acid production.', 150),
(29, 'Venlafaxine', 'Antidepressant used to treat depression and anxiety.', 75),
(30, 'Rosuvastatin', 'Cholesterol medication.', 10),
(31, 'Escitalopram', 'Used to treat depression and generalized anxiety disorder.', 10),
(32, 'Aspirin', 'Antidepressant used to treat major depressive disorder.', 60),
(33, 'Cholecalciferol', 'Vitamin D3 supplement.', 1000),
(34, 'Omega-3', 'Fatty acid supplement for heart health.', 1000),
(35, 'Lansoprazole', 'Proton pump inhibitor for treating GERD.', 30),
(36, 'Propranolol', 'Beta-blocker used to treat high blood pressure.', 80),
(37, 'Tamsulosin', 'Used to treat benign prostatic hyperplasia.', 0.4),
(38, 'Naproxen', 'Nonsteroidal anti-inflammatory drug for pain relief.', 250),
(39, 'Zolpidem', 'Used to treat heart failure and rhythm problems.', 0.125),
(40, 'Baclofen', 'Muscle relaxer used to treat muscle spasms.', 20),
(41, 'Meloxicam', 'NSAID for pain relief and inflammation.', 15),
(42, 'Quetiapine', 'Antipsychotic medication for schizophrenia.', 50),
(43, 'Aspirin', 'Used to treat schizophrenia and bipolar disorder.', 10),
(44, 'Zolpidem', 'Antidepressant used to treat depression.', 20),
(45, 'Mirtazapine', 'Used to treat depression.', 15),
(46, 'Insulin', 'Hormone used to control blood sugar levels in diabetes.', 100),
(47, 'Glipizide', 'Used to treat type 2 diabetes.', 10),
(48, 'Sitagliptin', 'Oral diabetes medication.', 100),
(49, 'Acarbose', 'Used to control blood sugar levels.', 25),
(50, 'Ezetimibe', 'Used to lower cholesterol.', 10),
(51, 'Colchicine', 'Used to treat gout attacks.', 0.6),
(52, 'Allopurinol', 'Used to lower uric acid levels in the blood.', 100),
(53, 'Protonix', 'Proton pump inhibitor for treating GERD.', 40),
(54, 'Zolpidem', 'Pain reliever for moderate to severe pain.', 50),
(55, 'Methylprednisolone', 'Corticosteroid used to reduce inflammation.', 4),
(56, 'Dexamethasone', 'Used to treat inflammation and immune response.', 6),
(57, 'Carvedilol', 'Used for heart failure and high blood pressure.', 6.25),
(58, 'Isosorbide', 'Vasodilator used to prevent chest pain.', 20),
(59, 'Aspirin', 'Used to relieve chest pain from heart disease.', 0.4),
(60, 'Epinephrine', 'Used in severe allergic reactions.', 0.3),
(61, 'Folic Acid', 'Vitamin supplement to prevent anemia.', 400),
(62, 'Vitamin B12', 'Vitamin supplement for nerve health and energy production.', 1000),
(63, 'Potassium', 'Supplement to maintain proper body function.', 99),
(64, 'Zolpidem', 'Essential electrolyte for body functions.', 100),
(65, 'Calcium', 'Supplement for bone health.', 500),
(66, 'Magnesium', 'Mineral supplement for muscle and nerve function.', 250),
(67, 'Zinc', 'Mineral supplement for immune health.', 50),
(68, 'Iron', 'Supplement to prevent anemia.', 65),
(69, 'L-Arginine', 'Amino acid supplement for blood flow.', 1000),
(70, 'Glucosamine', 'Supplement for joint health.', 1500),
(71, 'Chondroitin', 'Supplement for joint health.', 1200),
(72, 'Turmeric', 'Herbal supplement with anti-inflammatory properties.', 500),
(73, 'Ginger', 'Herbal supplement for digestive health.', 500),
(74, 'Coenzyme Q10', 'Antioxidant supplement for heart health.', 100),
(75, 'Probiotics', 'Supplement for digestive health.', 10),
(76, 'Cranberry Extract', 'Used for urinary tract health.', 500),
(77, 'Green Tea Extract', 'Antioxidant supplement for overall health.', 500),
(78, 'Milk Thistle', 'Herbal supplement for liver health.', 500),
(79, 'Black Cohosh', 'Used for menopause symptoms.', 40),
(80, 'Evening Primrose Oil', 'Supplement for hormonal balance.', 500),
(81, 'Aspirin', 'Herbal supplement for stress relief.', 500),
(82, 'Rhodiola Rosea', 'Adaptogen for stress and fatigue.', 200),
(83, 'L-Theanine', 'Amino acid for relaxation.', 200),
(84, 'Alpha-Lipoic Acid', 'Antioxidant for cellular health.', 300),
(85, 'Resveratrol', 'Antioxidant for heart health.', 100),
(86, 'Fish Oil', 'Omega-3 fatty acids for heart health.', 1000),
(87, 'Krill Oil', 'Rich in omega-3 fatty acids.', 500),
(88, 'Chia Seeds', 'Source of omega-3 fatty acids and fiber.', 30),
(89, 'Aspirin', 'Source of omega-3 fatty acids.', 1000),
(90, 'Saffron', 'Herbal supplement for mood support.', 30),
(91, 'Maca Root', 'Herbal supplement for energy and stamina.', 500),
(92, 'Cacao Powder', 'Rich in antioxidants and flavor.', 20),
(93, 'Spirulina', 'Nutrient-rich algae supplement.', 500),
(94, 'Zolpidem', 'Nutrient-rich green superfood.', 1000),
(95, 'Barley Grass', 'Rich in nutrients and antioxidants.', 1000),
(96, 'Acai Berry', 'Rich in antioxidants and fiber.', 1000),
(97, 'Noni Juice', 'Herbal juice for health benefits.', 30),
(98, 'Aspirin', 'Nutrient-rich plant for overall health.', 500),
(99, 'Beetroot Powder', 'Rich in antioxidants and nitrates.', 1000),
(100, 'Bamboo Extract', 'Rich in silica for skin and hair health.', 500),
(101, 'Ginseng', 'Herbal supplement for energy and immune support.', 500),
(102, 'Hyaluronic Acid', 'Used for skin hydration and joint health.', 100),
(103, 'Curcumin', 'Active ingredient in turmeric with anti-inflammatory properties.', 500),
(104, 'Citrus Bioflavonoids', 'Antioxidants found in citrus fruits.', 500),
(105, 'Psyllium Husk', 'Fiber supplement for digestive health.', 1000),
(106, 'Beta Glucan', 'Soluble fiber supplement for immune support.', 500),
(107, 'Inulin', 'Prebiotic fiber for gut health.', 500),
(108, 'Zolpidem', 'Herbal supplement for energy and metabolism.', 500),
(109, 'Yerba Mate', 'Herbal tea for energy and metabolism.', 500),
(110, 'Cordyceps', 'Mushroom supplement for energy and performance.', 500),
(111, 'Lions Mane', 'Mushroom supplement for cognitive health.', 500),
(112, 'Reishi', 'Mushroom supplement for immune support.', 500),
(113, 'Chaga', 'Mushroom with antioxidant properties.', 500),
(114, 'Bee Pollen', 'Natural supplement for energy and health.', 500),
(115, 'Zolpidem', 'Bee product with immune support properties.', 500),
(116, 'Royal Jelly', 'Nutrient-rich substance from bees.', 500),
(117, 'Dandelion Root', 'Herbal supplement for liver and digestive health.', 500),
(118, 'Ginger Root', 'Used for nausea and digestive support.', 500),
(119, 'Milk Thistle Seed', 'Used for liver health and detoxification.', 500),
(120, 'Zolpidem', 'Spice with potential health benefits.', 500),
(121, 'Garlic', 'Herb with cardiovascular health benefits.', 500),
(122, 'Turmeric Curcumin', 'Turmeric extract with high curcumin content.', 500),
(123, 'Aloe Vera', 'Used for skin health and digestive support.', 500),
(124, 'Saw Palmetto', 'Used for prostate health.', 500),
(125, 'Nettle Leaf', 'Used for urinary health.', 500),
(126, 'Basil', 'Herb with potential health benefits.', 500),
(127, 'Peppermint', 'Herb for digestive health and flavor.', 500),
(128, 'Oregano', 'Herb with potential antimicrobial properties.', 500),
(129, 'Rosemary', 'Herb with antioxidant properties.', 500),
(130, 'Aspirin', 'Herb with culinary and health benefits.', 500),
(131, 'Fennel Seed', 'Herb used for digestive health.', 500),
(132, 'Hibiscus', 'Herb used for cardiovascular health.', 500),
(133, 'Green Coffee Bean', 'Used for weight management and metabolism.', 500),
(134, 'Red Clover', 'Herb used for hormonal balance.', 500),
(135, 'Black Seed Oil', 'Used for various health benefits.', 500),
(136, 'Moringa Leaf', 'Nutrient-rich leaf for overall health.', 500),
(137, 'Kelp', 'Seaweed used for thyroid health.', 500),
(138, 'Sea Moss', 'Rich in minerals and nutrients.', 500),
(139, 'Miso', 'Fermented soybean product for digestive health.', 500),
(140, 'Tempeh', 'Fermented soybean product high in protein.', 500),
(141, 'Quinoa', 'High-protein grain with various health benefits.', 500),
(142, 'Chickpeas', 'Legume high in protein and fiber.', 500),
(143, 'Lentils', 'High-protein legume for various health benefits.', 500),
(144, 'Navy Beans', 'Legume high in protein and fiber.', 500),
(145, 'Black Beans', 'Legume rich in protein and fiber.', 500),
(146, 'Pinto Beans', 'Legume with various health benefits.', 500),
(147, 'Kidney Beans', 'Legume high in protein and fiber.', 500),
(148, 'Adzuki Beans', 'Legume rich in nutrients and protein.', 500),
(149, 'Soybeans', 'High-protein legume with various health benefits.', 500),
(150, 'Peas', 'High-protein legume with various health benefits.', 500),
(151, 'Pumpkin Seeds', 'Rich in nutrients and healthy fats.', 500),
(152, 'Sunflower Seeds', 'Rich in healthy fats and protein.', 500),
(153, 'Chia Seeds', 'High in omega-3 fatty acids and fiber.', 500),
(154, 'Sesame Seeds', 'Rich in healthy fats and nutrients.', 500),
(155, 'Zolpidem', 'Source of omega-3 fatty acids and fiber.', 500),
(156, 'Walnuts', 'Nuts rich in omega-3 fatty acids and antioxidants.', 500),
(157, 'Aspirin', 'Nuts rich in healthy fats and protein.', 500),
(158, 'Cashews', 'Nuts rich in healthy fats and protein.', 500),
(159, 'Pistachios', 'Nuts rich in healthy fats and protein.', 500),
(160, 'Pecans', 'Nuts rich in healthy fats and protein.', 500),
(161, 'Aspirin', 'Nuts rich in healthy fats and nutrients.', 500),
(162, 'Brazil Nuts', 'Nuts rich in selenium and healthy fats.', 500),
(163, 'Macadamia Nuts', 'Nuts rich in healthy fats and flavor.', 500),
(164, 'Coconut Oil', 'Healthy fat used for cooking and health benefits.', 500),
(165, 'Olive Oil', 'Healthy fat with various health benefits.', 500),
(166, 'Avocado Oil', 'Healthy fat rich in nutrients.', 500),
(167, 'Apple Cider Vinegar', 'Used for various health benefits.', 500),
(168, 'Honey', 'Natural sweetener with potential health benefits.', 500),
(169, 'Maple Syrup', 'Natural sweetener with minerals.', 500),
(170, 'Agave Nectar', 'Natural sweetener with a low glycemic index.', 500),
(171, 'Stevia', 'Natural sweetener with no calories.', 500),
(172, 'Monk Fruit Sweetener', 'Natural sweetener with no calories.', 500),
(173, 'Erythritol', 'Sugar substitute with low calories.', 500),
(174, 'Xylitol', 'Sugar substitute with dental benefits.', 500),
(175, 'Sorbitol', 'Sugar substitute for low-calorie products.', 500),
(176, 'Aspirin', 'Sugar substitute for low-calorie products.', 500),
(177, 'Sucralose', 'Artificial sweetener used in food products.', 500),
(178, 'Aspartame', 'Artificial sweetener used in food products.', 500),
(179, 'Saccharin', 'Artificial sweetener used in food products.', 500),
(180, 'Steviol Glycosides', 'Natural sweetener derived from stevia leaves.', 500);





INSERT INTO MedicationOrders (Order_ID, Prescription_ID, Medication_ID, Quantity, Order_Date) VALUES
(1, 1, 12, 3, '2024-01-01'),
(2, 2, 75, 5, '2024-01-02'),
(3, 3, 144, 1, '2024-01-03'),
(4, 4, 45, 6, '2024-01-04'),
(5, 5, 67, 2, '2024-01-05'),
(6, 6, 101, 4, '2024-01-06'),
(7, 7, 80, 3, '2024-01-07'),
(8, 8, 32, 1, '2024-01-08'),
(9, 9, 158, 2, '2024-01-09'),
(10, 10, 29, 5, '2024-01-10'),
(11, 11, 141, 4, '2024-01-11'),
(12, 12, 93, 3, '2024-01-12'),
(13, 13, 121, 1, '2024-01-13'),
(14, 14, 118, 6, '2024-01-14'),
(15, 15, 76, 2, '2024-01-15'),
(16, 16, 83, 5, '2024-01-16'),
(17, 17, 67, 4, '2024-01-17'),
(18, 18, 115, 3, '2024-01-18'),
(19, 19, 135, 1, '2024-01-19'),
(20, 20, 52, 2, '2024-01-20'),
(21, 21, 145, 4, '2024-01-21'),
(22, 22, 40, 6, '2024-01-22'),
(23, 23, 1, 1, '2024-01-23'),
(24, 24, 139, 3, '2024-01-24'),
(25, 25, 134, 2, '2024-01-25'),
(26, 26, 1, 4, '2024-01-26'),
(27, 27, 65, 5, '2024-01-27'),
(28, 28, 60, 1, '2024-01-28'),
(29, 29, 113, 6, '2024-01-29'),
(30, 30, 8, 3, '2024-01-30'),
(31, 31, 79, 2, '2024-02-01'),
(32, 32, 92, 4, '2024-02-02'),
(33, 33, 148, 5, '2024-02-03'),
(34, 34, 11, 1, '2024-02-04'),
(35, 35, 130, 6, '2024-02-05'),
(36, 36, 150, 3, '2024-02-06'),
(37, 37, 19, 2, '2024-02-07'),
(38, 38, 75, 5, '2024-02-08'),
(39, 39, 1, 4, '2024-02-09'),
(40, 40, 43, 1, '2024-02-10'),
(41, 41, 104, 3, '2024-02-11'),
(42, 42, 147, 2, '2024-02-12'),
(43, 43, 166, 5, '2024-02-13'),
(44, 44, 57, 4, '2024-02-14'),
(45, 45, 23, 1, '2024-02-15'),
(46, 46, 74, 6, '2024-02-16'),
(47, 47, 165, 2, '2024-02-17'),
(48, 48, 1, 3, '2024-02-18'),
(49, 49, 71, 4, '2024-02-19'),
(50, 50, 33, 5, '2024-02-20'),
(51, 51, 97, 1, '2024-02-21'),
(52, 52, 124, 6, '2024-02-22'),
(53, 53, 1, 2, '2024-02-23'),
(54, 54, 66, 5, '2024-02-24'),
(55, 55, 20, 3, '2024-02-25'),
(56, 56, 73, 4, '2024-02-26'),
(57, 57, 90, 1, '2024-02-27'),
(58, 58, 150, 6, '2024-02-28'),
(59, 59, 81, 2, '2024-03-01'),
(60, 60, 46, 5, '2024-03-02'),
(61, 61, 39, 3, '2024-03-03'),
(62, 62, 142, 4, '2024-03-04'),
(63, 63, 149, 1, '2024-03-05'),
(64, 64, 1, 6, '2024-03-06'),
(65, 65, 37, 2, '2024-03-07'),
(66, 66, 72, 3, '2024-03-08'),
(67, 67, 124, 4, '2024-03-09'),
(68, 68, 15, 5, '2024-03-10'),
(69, 69, 98, 1, '2024-03-11'),
(70, 70, 114, 2, '2024-03-12'),
(71, 71, 88, 6, '2024-03-13'),
(72, 72, 159, 4, '2024-03-14'),
(73, 73, 1, 3, '2024-03-15'),
(74, 74, 32, 5, '2024-03-16'),
(75, 75, 49, 1, '2024-03-17'),
(76, 76, 100, 6, '2024-03-18'),
(77, 77, 25, 2, '2024-03-19'),
(78, 78, 6, 4, '2024-03-20'),
(79, 79, 18, 1, '2024-03-21'),
(80, 80, 1, 3, '2024-03-22'),
(81, 81, 133, 2, '2024-03-23'),
(82, 82, 104, 4, '2024-03-24'),
(83, 83, 117, 5, '2024-03-25'),
(84, 84, 34, 6, '2024-03-26'),
(85, 85, 44, 1, '2024-03-27'),
(86, 86, 62, 3, '2024-03-28'),
(87, 87, 159, 2, '2024-03-29'),
(88, 88, 71, 4, '2024-03-30'),
(89, 89, 1, 1, '2024-03-31'),
(90, 90, 99, 5, '2024-04-01'),
(91, 91, 23, 3, '2024-04-02'),
(92, 92, 86, 4, '2024-04-03'),
(93, 93, 95, 1, '2024-04-04'),
(94, 94, 149, 6, '2024-04-05'),
(95, 95, 12, 2, '2024-04-06'),
(96, 96, 113, 3, '2024-04-07'),
(97, 97, 1, 1, '2024-04-08'),
(98, 98, 142, 5, '2024-04-09'),
(99, 99, 37, 2, '2024-04-10'),
(100, 100, 80, 3, '2024-04-11'),
(101, 101, 16, 1, '2024-04-12'),
(102, 102, 89, 4, '2024-04-13'),
(103, 103, 72, 5, '2024-04-14'),
(104, 104, 170, 3, '2024-04-15'),
(105, 105, 13, 2, '2024-04-16'),
(106, 106, 84, 1, '2024-04-17'),
(107, 107, 92, 6, '2024-04-18'),
(108, 108, 47, 4, '2024-04-19'),
(109, 109, 115, 2, '2024-04-20'),
(110, 110, 110, 3, '2024-04-21'),
(111, 111, 164, 1, '2024-04-22'),
(112, 112, 76, 5, '2024-04-23'),
(113, 113, 66, 4, '2024-04-24'),
(114, 114, 164, 2, '2024-04-25'),
(115, 115, 21, 1, '2024-04-26'),
(116, 116, 12, 3, '2024-04-27'),
(117, 117, 59, 4, '2024-04-28'),
(118, 118, 68, 5, '2024-04-29'),
(119, 119, 144, 6, '2024-04-30'),
(120, 120, 78, 2, '2024-05-01');
